Date,Open,High,Low,Close,Adj Close,Volume
2019-01-01,3660.0,3660.0,3660.0,3660.0,2988.87841796875,0.0
2019-01-02,3610.0,3640.0,3590.0,3610.0,2948.047119140625,74945100.0
2019-01-03,3580.0,3640.0,3580.0,3620.0,2956.212890625,93458300.0
2019-01-04,3620.0,3660.0,3610.0,3660.0,2988.87841796875,114459600.0
2019-01-07,3700.0,3710.0,3660.0,3660.0,2988.87841796875,74641100.0
2019-01-08,3660.0,3680.0,3630.0,3680.0,3005.21142578125,81361900.0
2019-01-09,3710.0,3740.0,3690.0,3720.0,3037.87646484375,119390300.0
2019-01-10,3740.0,3750.0,3710.0,3750.0,3062.375732421875,141926800.0
2019-01-11,3760.0,3770.0,3700.0,3730.0,3046.04296875,107861300.0
2019-01-14,3730.0,3790.0,3730.0,3790.0,3095.041015625,115067500.0
2019-01-15,3770.0,3790.0,3740.0,3780.0,3086.874267578125,140860200.0
2019-01-16,3790.0,3800.0,3760.0,3780.0,3086.874267578125,103772600.0
2019-01-17,3790.0,3840.0,3780.0,3810.0,3111.373779296875,119859400.0
2019-01-18,3850.0,3850.0,3790.0,3820.0,3119.539794921875,96096600.0
2019-01-21,3800.0,3830.0,3800.0,3800.0,3103.20751953125,80926000.0
2019-01-22,3770.0,3790.0,3740.0,3770.0,3078.70849609375,119687600.0
2019-01-23,3760.0,3810.0,3730.0,3770.0,3078.70849609375,163458700.0
2019-01-24,3750.0,3810.0,3750.0,3790.0,3095.041015625,176166500.0
2019-01-25,3820.0,3820.0,3780.0,3780.0,3086.874267578125,127141300.0
2019-01-28,3750.0,3790.0,3750.0,3780.0,3086.874267578125,93581100.0
2019-01-29,3780.0,3820.0,3650.0,3690.0,3013.37744140625,187613500.0
2019-01-30,3700.0,3760.0,3700.0,3750.0,3062.375732421875,144747500.0
2019-01-31,3800.0,3870.0,3800.0,3850.0,3144.038818359375,252448500.0
2019-02-01,3880.0,3930.0,3870.0,3920.0,3201.203125,140105900.0
2019-02-04,3950.0,3950.0,3890.0,3900.0,3184.87060546875,75955600.0
2019-02-05,3900.0,3900.0,3900.0,3900.0,3184.87060546875,0.0
2019-02-06,3920.0,3940.0,3910.0,3920.0,3201.203125,78073900.0
2019-02-07,3930.0,3930.0,3890.0,3930.0,3209.36962890625,82938300.0
2019-02-08,3860.0,3910.0,3850.0,3890.0,3176.7041015625,78473000.0
2019-02-11,3890.0,3920.0,3860.0,3870.0,3160.37158203125,55587600.0
2019-02-12,3900.0,3900.0,3820.0,3850.0,3144.038818359375,94961400.0
2019-02-13,3890.0,3890.0,3780.0,3790.0,3095.041015625,108181100.0
2019-02-14,3820.0,3850.0,3750.0,3800.0,3103.20751953125,119542400.0
2019-02-15,3840.0,3840.0,3750.0,3770.0,3078.70849609375,87738200.0
2019-02-18,3790.0,3860.0,3790.0,3840.0,3135.872802734375,93662400.0
2019-02-19,3900.0,4000.0,3880.0,3910.0,3193.036865234375,139946000.0
2019-02-20,3910.0,3940.0,3860.0,3890.0,3176.7041015625,124066500.0
2019-02-21,3830.0,3940.0,3830.0,3910.0,3193.036865234375,114540900.0
2019-02-22,3860.0,3910.0,3860.0,3900.0,3184.87060546875,81700600.0
2019-02-25,3940.0,3970.0,3900.0,3960.0,3233.868896484375,106730500.0
2019-02-26,3960.0,3970.0,3910.0,3940.0,3217.535888671875,61418800.0
2019-02-27,3910.0,3920.0,3850.0,3870.0,3160.37158203125,88062100.0
2019-02-28,3850.0,3870.0,3840.0,3850.0,3144.038818359375,106492300.0
2019-03-01,3870.0,3890.0,3860.0,3870.0,3160.37158203125,71431900.0
2019-03-04,3900.0,3920.0,3880.0,3880.0,3168.53759765625,57026900.0
2019-03-05,3900.0,3900.0,3860.0,3860.0,3152.205322265625,70615700.0
2019-03-06,3890.0,3920.0,3860.0,3900.0,3184.87060546875,56508700.0
2019-03-07,3900.0,3900.0,3900.0,3900.0,3184.87060546875,0.0
2019-03-08,3820.0,3880.0,3810.0,3850.0,3144.038818359375,129784700.0
2019-03-11,3900.0,3900.0,3830.0,3860.0,3152.205322265625,46743400.0
2019-03-12,3880.0,3890.0,3810.0,3840.0,3135.872802734375,63500100.0
2019-03-13,3800.0,3810.0,3780.0,3790.0,3095.041015625,46756100.0
2019-03-14,3780.0,3850.0,3780.0,3840.0,3135.872802734375,90157600.0
2019-03-15,3900.0,3950.0,3890.0,3950.0,3225.7021484375,97150400.0
2019-03-18,3990.0,4030.0,3980.0,4000.0,3266.533935546875,92904100.0
2019-03-19,4040.0,4050.0,3970.0,3980.0,3250.201171875,57945500.0
2019-03-20,3960.0,4010.0,3960.0,3990.0,3258.36767578125,85969100.0
2019-03-21,4010.0,4040.0,3970.0,3990.0,3258.36767578125,110206700.0
2019-03-22,4030.0,4070.0,4000.0,4050.0,3307.36572265625,94636900.0
2019-03-25,4030.0,4040.0,3990.0,4010.0,3274.7001953125,82166300.0
2019-03-26,4050.0,4080.0,4010.0,4060.0,3315.531982421875,68612800.0
2019-03-27,4080.0,4080.0,4040.0,4050.0,3307.36572265625,51063000.0
2019-03-28,4070.0,4080.0,4030.0,4070.0,3323.6982421875,61147700.0
2019-03-29,4050.0,4140.0,4050.0,4110.0,3356.36376953125,64740600.0
2019-04-01,4140.0,4160.0,4130.0,4150.0,3389.029052734375,66844600.0
2019-04-02,4170.0,4170.0,4130.0,4150.0,3389.029052734375,44403800.0
2019-04-03,4150.0,4150.0,4150.0,4150.0,3389.029052734375,0.0
2019-04-04,4180.0,4280.0,4140.0,4220.0,3446.193115234375,63002400.0
2019-04-05,4260.0,4290.0,4250.0,4270.0,3487.02490234375,49127500.0
2019-04-08,4290.0,4290.0,4210.0,4250.0,3470.692626953125,75453200.0
2019-04-09,4280.0,4350.0,4260.0,4300.0,3511.52392578125,73325100.0
2019-04-10,4300.0,4320.0,4260.0,4310.0,3519.6904296875,106216900.0
2019-04-11,4300.0,4320.0,4280.0,4300.0,3511.52392578125,171468700.0
2019-04-12,4300.0,4320.0,4280.0,4310.0,3519.6904296875,76584700.0
2019-04-15,4350.0,4360.0,4310.0,4350.0,3552.35595703125,64160400.0
2019-04-16,4330.0,4360.0,4320.0,4340.0,3544.189453125,90837700.0
2019-04-17,4340.0,4340.0,4340.0,4340.0,3544.189453125,0.0
2019-04-18,4450.0,4730.0,4380.0,4460.0,3642.185546875,182035000.0
2019-04-19,4460.0,4460.0,4460.0,4460.0,3642.185546875,0.0
2019-04-22,4460.0,4460.0,4410.0,4440.0,3625.852783203125,101963500.0
2019-04-23,4410.0,4450.0,4410.0,4430.0,3617.686279296875,54840800.0
2019-04-24,4410.0,4430.0,4400.0,4400.0,3593.187255859375,172810100.0
2019-04-25,4380.0,4390.0,4260.0,4330.0,3536.022705078125,184463200.0
2019-04-26,4240.0,4360.0,4210.0,4330.0,3536.022705078125,132874000.0
2019-04-29,4290.0,4350.0,4280.0,4340.0,3544.189453125,76916700.0
2019-04-30,4390.0,4410.0,4340.0,4370.0,3568.688232421875,127804000.0
2019-05-01,4370.0,4370.0,4370.0,4370.0,3568.688232421875,0.0
2019-05-02,4420.0,4420.0,4340.0,4370.0,3568.688232421875,126901700.0
2019-05-03,4330.0,4400.0,4310.0,4380.0,3576.854736328125,109485100.0
2019-05-06,4300.0,4300.0,4190.0,4230.0,3454.35986328125,143009800.0
2019-05-07,4210.0,4280.0,4210.0,4250.0,3470.692626953125,112789100.0
2019-05-08,4250.0,4250.0,4180.0,4220.0,3446.193115234375,120152500.0
2019-05-09,4140.0,4160.0,4120.0,4120.0,3364.52978515625,163340000.0
2019-05-10,4100.0,4160.0,4090.0,4120.0,3364.52978515625,120282900.0
2019-05-13,4130.0,4140.0,4100.0,4100.0,3348.197265625,71877200.0
2019-05-14,4000.0,4090.0,3970.0,4050.0,3307.36572265625,115090400.0
2019-05-15,4050.0,4060.0,3890.0,3890.0,3176.7041015625,167394600.0
2019-05-16,3940.0,3990.0,3820.0,3860.0,3152.205322265625,144094800.0
2019-05-17,3910.0,3910.0,3770.0,3790.0,3095.041015625,155199000.0
2019-05-20,3800.0,3850.0,3660.0,3750.0,3062.375732421875,165275800.0
2019-05-21,3800.0,3840.0,3710.0,3750.0,3062.375732421875,206532500.0
2019-05-22,3710.0,3830.0,3710.0,3770.0,3078.70849609375,118633800.0
2019-05-23,3820.0,3890.0,3800.0,3850.0,3144.038818359375,209226900.0
2019-05-24,3780.0,3930.0,3770.0,3850.0,3245.323486328125,150398400.0
2019-05-27,3900.0,3970.0,3860.0,3920.0,3304.329345703125,123578400.0
2019-05-28,3930.0,3950.0,3810.0,3810.0,3211.606201171875,376621800.0
2019-05-29,3890.0,3950.0,3860.0,3940.0,3321.188232421875,139713200.0
2019-05-30,3940.0,3940.0,3940.0,3940.0,3321.188232421875,0.0
2019-05-31,3990.0,4120.0,3980.0,4100.0,3456.058837890625,261104200.0
2019-06-03,4100.0,4100.0,4100.0,4100.0,3456.058837890625,0.0
2019-06-04,4100.0,4100.0,4100.0,4100.0,3456.058837890625,0.0
2019-06-05,4100.0,4100.0,4100.0,4100.0,3456.058837890625,0.0
2019-06-06,4100.0,4100.0,4100.0,4100.0,3456.058837890625,0.0
2019-06-07,4100.0,4100.0,4100.0,4100.0,3456.058837890625,0.0
2019-06-10,4220.0,4270.0,4200.0,4230.0,3565.641357421875,196745300.0
2019-06-11,4250.0,4250.0,4150.0,4230.0,3565.641357421875,116270900.0
2019-06-12,4170.0,4210.0,4170.0,4210.0,3548.78271484375,92904100.0
2019-06-13,4250.0,4250.0,4180.0,4200.0,3540.352783203125,116825700.0
2019-06-14,4170.0,4240.0,4170.0,4230.0,3565.641357421875,72298800.0
2019-06-17,4250.0,4250.0,4200.0,4200.0,3540.352783203125,55193600.0
2019-06-18,4180.0,4260.0,4180.0,4260.0,3590.929443359375,158342200.0
2019-06-19,,,,,,
2019-06-20,4330.0,4330.0,4280.0,4310.0,3633.07666015625,107715700.0
2019-06-21,4290.0,4360.0,4260.0,4360.0,3675.223388671875,170191100.0
2019-06-24,4310.0,4350.0,4290.0,4310.0,3633.07666015625,82569600.0
2019-06-25,4350.0,4350.0,4290.0,4330.0,3649.93505859375,59456000.0
2019-06-26,4330.0,4370.0,4320.0,4360.0,3675.223388671875,102850200.0
2019-06-27,4380.0,4390.0,4350.0,4380.0,3692.08251953125,81746600.0
2019-06-28,4370.0,4400.0,4350.0,4360.0,3675.223388671875,102580700.0
2019-07-01,4400.0,4420.0,4380.0,4420.0,3725.7998046875,104844900.0
2019-07-02,4420.0,4420.0,4360.0,4410.0,3717.370849609375,134440200.0
2019-07-03,4390.0,4420.0,4360.0,4400.0,3708.941162109375,74371900.0
2019-07-04,4360.0,4400.0,4360.0,4390.0,3700.51171875,38687900.0
2019-07-05,4420.0,4420.0,4380.0,4400.0,3708.941162109375,53771200.0
2019-07-08,4380.0,4410.0,4370.0,4400.0,3708.941162109375,46233200.0
2019-07-09,4370.0,4410.0,4370.0,4410.0,3717.370849609375,64718300.0
2019-07-10,4410.0,4480.0,4400.0,4470.0,3767.947265625,80977700.0
2019-07-11,4490.0,4540.0,4480.0,4510.0,3801.66455078125,91416500.0
2019-07-12,4510.0,4540.0,4490.0,4510.0,3801.66455078125,64575400.0
2019-07-15,4540.0,4560.0,4520.0,4530.0,3818.52392578125,68954800.0
2019-07-16,4500.0,4550.0,4500.0,4550.0,3835.38232421875,84477400.0
2019-07-17,4520.0,4550.0,4500.0,4520.0,3810.09423828125,65303400.0
2019-07-18,4500.0,4510.0,4440.0,4450.0,3751.087890625,77028200.0
2019-07-19,4450.0,4490.0,4440.0,4480.0,3776.37646484375,64335100.0
2019-07-22,4500.0,4510.0,4460.0,4500.0,3793.235595703125,41944400.0
2019-07-23,4500.0,4500.0,4470.0,4490.0,3784.8056640625,43317300.0
2019-07-24,4520.0,4520.0,4440.0,4450.0,3751.087890625,53053100.0
2019-07-25,4470.0,4480.0,4450.0,4460.0,3759.517822265625,60404000.0
2019-07-26,4410.0,4470.0,4400.0,4440.0,3742.658935546875,77381500.0
2019-07-29,4480.0,4480.0,4440.0,4460.0,3759.517822265625,91877000.0
2019-07-30,4500.0,4500.0,4460.0,4500.0,3793.235595703125,68755800.0
2019-07-31,4500.0,4510.0,4450.0,4480.0,3776.37646484375,105834600.0
2019-08-01,4490.0,4510.0,4410.0,4450.0,3751.087890625,143626600.0
2019-08-02,4400.0,4470.0,4390.0,4450.0,3751.087890625,119342500.0
2019-08-05,4410.0,4420.0,4270.0,4270.0,3599.35888671875,150837200.0
2019-08-06,4100.0,4210.0,4020.0,4100.0,3456.058837890625,247636800.0
2019-08-07,4140.0,4290.0,4140.0,4250.0,3582.500244140625,146976400.0
2019-08-08,4250.0,4320.0,4250.0,4290.0,3616.2177734375,93336500.0
2019-08-09,4330.0,4350.0,4300.0,4330.0,3649.93505859375,82471300.0
2019-08-12,4380.0,4380.0,4290.0,4300.0,3624.64697265625,51057200.0
2019-08-13,4330.0,4330.0,4250.0,4280.0,3607.788330078125,80133600.0
2019-08-14,4330.0,4350.0,4310.0,4330.0,3649.93505859375,93273200.0
2019-08-15,4210.0,4280.0,4180.0,4250.0,3582.500244140625,115233200.0
2019-08-16,4250.0,4260.0,4200.0,4210.0,3548.78271484375,93606900.0
2019-08-19,4130.0,4220.0,4130.0,4180.0,3523.494140625,60369000.0
2019-08-20,4180.0,4200.0,4090.0,4100.0,3456.058837890625,102619200.0
2019-08-21,4100.0,4170.0,4040.0,4050.0,3413.911865234375,84386400.0
2019-08-22,4060.0,4140.0,4000.0,4070.0,3430.7705078125,124079400.0
2019-08-23,4030.0,4100.0,4020.0,4080.0,3439.2001953125,58236900.0
2019-08-26,4020.0,4070.0,4000.0,4070.0,3430.7705078125,64788000.0
2019-08-27,4130.0,4210.0,4080.0,4200.0,3540.352783203125,178201800.0
2019-08-28,4220.0,4240.0,4190.0,4190.0,3531.923583984375,99957200.0
2019-08-29,4220.0,4220.0,4160.0,4200.0,3540.352783203125,68027100.0
2019-08-30,4190.0,4270.0,4120.0,4270.0,3599.35888671875,108998100.0
2019-09-02,4270.0,4280.0,4210.0,4220.0,3557.211669921875,68472900.0
2019-09-03,4180.0,4270.0,4130.0,4150.0,3498.2060546875,76155900.0
2019-09-04,4180.0,4180.0,4100.0,4160.0,3506.635498046875,76686000.0
2019-09-05,4220.0,4230.0,4180.0,4220.0,3557.211669921875,77131600.0
2019-09-06,4260.0,4290.0,4250.0,4270.0,3599.35888671875,114425200.0
2019-09-09,4290.0,4290.0,4170.0,4170.0,3515.064697265625,68317900.0
2019-09-10,4180.0,4190.0,4150.0,4190.0,3531.923583984375,69287000.0
2019-09-11,4150.0,4260.0,4150.0,4250.0,3582.500244140625,114308200.0
2019-09-12,4300.0,4350.0,4270.0,4280.0,3607.788330078125,87101400.0
2019-09-13,4320.0,4320.0,4280.0,4310.0,3633.07666015625,56092800.0
2019-09-16,4290.0,4290.0,4100.0,4190.0,3531.923583984375,132616600.0
2019-09-17,4160.0,4250.0,4130.0,4250.0,3582.500244140625,107125600.0
2019-09-18,4240.0,4260.0,4210.0,4240.0,3574.070556640625,76406800.0
2019-09-19,4200.0,4230.0,4200.0,4220.0,3557.211669921875,92108100.0
2019-09-20,4200.0,4220.0,4130.0,4160.0,3506.635498046875,217504200.0
2019-09-23,4160.0,4200.0,4160.0,4180.0,3523.494140625,84900300.0
2019-09-24,4160.0,4160.0,4110.0,4110.0,3464.488525390625,95076200.0
2019-09-25,4070.0,4120.0,4020.0,4080.0,3439.2001953125,83155300.0
2019-09-26,4110.0,4210.0,4100.0,4210.0,3548.78271484375,80120800.0
2019-09-27,4210.0,4210.0,4160.0,4180.0,3523.494140625,57666400.0
2019-09-30,4200.0,4200.0,4110.0,4120.0,3472.91748046875,76345500.0
2019-10-01,4120.0,4130.0,4070.0,4070.0,3430.7705078125,79550900.0
2019-10-02,4050.0,4090.0,3920.0,3930.0,3312.7587890625,166346200.0
2019-10-03,3870.0,3890.0,3810.0,3810.0,3211.606201171875,177625500.0
2019-10-04,3880.0,3960.0,3860.0,3950.0,3329.617431640625,93849800.0
2019-10-07,3970.0,3990.0,3860.0,3900.0,3287.470703125,126705700.0
2019-10-08,3960.0,3960.0,3890.0,3930.0,3312.7587890625,119796000.0
2019-10-09,3950.0,3990.0,3920.0,3960.0,3338.04736328125,117832100.0
2019-10-10,3970.0,3990.0,3880.0,3890.0,3279.041015625,107857100.0
2019-10-11,3950.0,3960.0,3910.0,3920.0,3304.329345703125,102206600.0
2019-10-14,3950.0,3980.0,3910.0,3920.0,3304.329345703125,109782800.0
2019-10-15,3970.0,3970.0,3890.0,3940.0,3321.188232421875,128090900.0
2019-10-16,3960.0,3990.0,3940.0,3990.0,3363.33544921875,82010000.0
2019-10-17,4000.0,4050.0,3990.0,4050.0,3413.911865234375,104547000.0
2019-10-18,4050.0,4190.0,4050.0,4170.0,3515.064697265625,103613400.0
2019-10-21,4170.0,4190.0,4110.0,4120.0,3472.91748046875,81121300.0
2019-10-22,4080.0,4140.0,4070.0,4140.0,3489.7763671875,82586400.0
2019-10-23,4150.0,4180.0,4080.0,4180.0,3523.494140625,127172900.0
2019-10-24,4180.0,4300.0,4180.0,4300.0,3624.64697265625,157022200.0
2019-10-25,4300.0,4320.0,4220.0,4230.0,3565.641357421875,112296600.0
2019-10-28,4230.0,4260.0,4220.0,4230.0,3565.641357421875,38352600.0
2019-10-29,4240.0,4250.0,4180.0,4230.0,3565.641357421875,82494100.0
2019-10-30,4260.0,4260.0,4190.0,4250.0,3582.500244140625,47442000.0
2019-10-31,4210.0,4240.0,4160.0,4210.0,3548.78271484375,75586200.0
2019-11-01,4220.0,4220.0,4150.0,4180.0,3523.494140625,63281400.0
2019-11-04,4180.0,4210.0,4150.0,4160.0,3506.635498046875,50272200.0
2019-11-05,4190.0,4300.0,4170.0,4300.0,3624.64697265625,132545000.0
2019-11-06,4330.0,4330.0,4160.0,4160.0,3506.635498046875,132500400.0
2019-11-07,4160.0,4160.0,3960.0,4000.0,3371.7646484375,292323600.0
2019-11-08,4010.0,4030.0,3980.0,3990.0,3363.33544921875,134618100.0
2019-11-11,3950.0,4000.0,3950.0,4000.0,3371.7646484375,114079500.0
2019-11-12,4000.0,4030.0,3980.0,4000.0,3371.7646484375,109775100.0
2019-11-13,4000.0,4010.0,3920.0,3960.0,3338.04736328125,150088500.0
2019-11-14,3950.0,3970.0,3900.0,3940.0,3321.188232421875,118066000.0
2019-11-15,4000.0,4100.0,3960.0,4090.0,3447.62939453125,122007300.0
2019-11-18,4090.0,4140.0,4050.0,4120.0,3472.91748046875,93147500.0
2019-11-19,4150.0,4190.0,4080.0,4190.0,3531.923583984375,141181200.0
2019-11-20,4170.0,4260.0,4150.0,4220.0,3557.211669921875,154808400.0
2019-11-21,4200.0,4230.0,4140.0,4220.0,3557.211669921875,114191700.0
2019-11-22,4230.0,4250.0,4160.0,4210.0,3548.78271484375,74696400.0
2019-11-25,4150.0,4180.0,4120.0,4130.0,3481.34716796875,56593800.0
2019-11-26,4150.0,4180.0,4100.0,4150.0,3498.2060546875,222076900.0
2019-11-27,4100.0,4210.0,4100.0,4170.0,3515.064697265625,66281400.0
2019-11-28,4130.0,4170.0,4050.0,4050.0,3413.911865234375,61720000.0
2019-11-29,4060.0,4120.0,4010.0,4090.0,3447.62939453125,64199200.0
2019-12-02,4150.0,4210.0,4120.0,4210.0,3548.78271484375,55396900.0
2019-12-03,4210.0,4220.0,4160.0,4170.0,3515.064697265625,43717700.0
2019-12-04,4200.0,4200.0,4120.0,4130.0,3481.34716796875,50621200.0
2019-12-05,4200.0,4230.0,4170.0,4220.0,3557.211669921875,72784100.0
2019-12-06,4250.0,4250.0,4170.0,4170.0,3515.064697265625,67202600.0
2019-12-09,4190.0,4210.0,4150.0,4180.0,3523.494140625,47839000.0
2019-12-10,4140.0,4180.0,4130.0,4170.0,3515.064697265625,80011300.0
2019-12-11,4190.0,4210.0,4160.0,4210.0,3548.78271484375,62962600.0
2019-12-12,4230.0,4270.0,4210.0,4250.0,3582.500244140625,125551000.0
2019-12-13,4280.0,4290.0,4240.0,4280.0,3607.788330078125,167616600.0
2019-12-16,4300.0,4350.0,4290.0,4330.0,3649.93505859375,178955500.0
2019-12-17,4360.0,4360.0,4300.0,4350.0,3666.79443359375,141046900.0
2019-12-18,4380.0,4400.0,4350.0,4400.0,3708.941162109375,158345700.0
2019-12-19,4350.0,4370.0,4320.0,4350.0,3666.79443359375,94017600.0
2019-12-20,4350.0,4370.0,4320.0,4360.0,3675.223388671875,156213900.0
2019-12-23,4450.0,4470.0,4360.0,4450.0,3751.087890625,123276700.0
2019-12-26,4420.0,4450.0,4400.0,4410.0,3717.370849609375,50234000.0
2019-12-27,4380.0,4440.0,4380.0,4430.0,3734.2294921875,56465900.0
2019-12-30,4450.0,4450.0,4360.0,4400.0,3708.941162109375,66440200.0
2020-01-02,4400.0,4410.0,4360.0,4410.0,3717.370849609375,41714100.0
2020-01-03,4420.0,4440.0,4390.0,4420.0,3725.7998046875,82898300.0
2020-01-06,4360.0,4390.0,4320.0,4370.0,3683.65283203125,44225100.0
2020-01-07,4410.0,4410.0,4380.0,4400.0,3708.941162109375,103948100.0
2020-01-08,4380.0,4400.0,4340.0,4380.0,3692.08251953125,171751200.0
2020-01-09,4400.0,4420.0,4370.0,4400.0,3708.941162109375,72072000.0
2020-01-10,4430.0,4430.0,4390.0,4410.0,3717.370849609375,124809200.0
2020-01-13,4430.0,4510.0,4420.0,4510.0,3801.66455078125,111351400.0
2020-01-14,4540.0,4600.0,4520.0,4570.0,3852.24072265625,158414200.0
2020-01-15,4570.0,4580.0,4530.0,4580.0,3860.670654296875,102566700.0
2020-01-16,4570.0,4590.0,4510.0,4570.0,3852.24072265625,133986100.0
2020-01-17,4620.0,4640.0,4600.0,4630.0,3902.817626953125,121175500.0
2020-01-20,4690.0,4690.0,4630.0,4660.0,3928.105224609375,81837500.0
2020-01-21,4670.0,4680.0,4640.0,4670.0,3936.535400390625,73839600.0
2020-01-22,4680.0,4710.0,4670.0,4710.0,3970.253173828125,82370500.0
2020-01-23,4720.0,4760.0,4690.0,4740.0,3995.541748046875,139861200.0
2020-01-24,4730.0,4750.0,4680.0,4740.0,3995.541748046875,96017400.0
2020-01-27,4700.0,4700.0,4640.0,4650.0,3919.676513671875,93704600.0
2020-01-28,4580.0,4640.0,4570.0,4620.0,3894.388671875,95394600.0
2020-01-29,4620.0,4660.0,4600.0,4620.0,3894.388671875,194871800.0
2020-01-30,4700.0,4700.0,4580.0,4580.0,3860.670654296875,87726300.0
2020-01-31,4570.0,4580.0,4460.0,4460.0,3759.517822265625,137055500.0
2020-02-03,4460.0,4490.0,4450.0,4460.0,3759.517822265625,131584600.0
2020-02-04,4690.0,4690.0,4520.0,4560.0,3843.81201171875,112377400.0
2020-02-05,4570.0,4580.0,4510.0,4560.0,3843.81201171875,91267300.0
2020-02-06,4590.0,4590.0,4530.0,4550.0,3835.38232421875,94855500.0
2020-02-07,4580.0,4580.0,4540.0,4550.0,3835.38232421875,133042500.0
2020-02-10,4500.0,4530.0,4400.0,4500.0,3793.235595703125,170890600.0
2020-02-11,4540.0,4540.0,4480.0,4510.0,3801.66455078125,85150100.0
2020-02-12,4520.0,4560.0,4520.0,4530.0,3818.52392578125,130150400.0
2020-02-13,4580.0,4590.0,4540.0,4570.0,3852.24072265625,79710700.0
2020-02-14,4530.0,4590.0,4530.0,4550.0,3835.38232421875,127004900.0
2020-02-17,4480.0,4540.0,4470.0,4470.0,3767.947265625,119759900.0
2020-02-18,4470.0,4500.0,4400.0,4400.0,3708.941162109375,88694500.0
2020-02-19,4460.0,4480.0,4450.0,4480.0,3776.37646484375,100810700.0
2020-02-20,4520.0,4580.0,4510.0,4560.0,3843.81201171875,98180400.0
2020-02-21,4560.0,4560.0,4510.0,4510.0,3801.66455078125,106960700.0
2020-02-24,4540.0,4540.0,4470.0,4490.0,3784.8056640625,102908000.0
2020-02-25,4460.0,4550.0,4460.0,4500.0,3793.235595703125,113929600.0
2020-02-26,4500.0,4510.0,4470.0,4480.0,3776.37646484375,149197600.0
2020-02-27,4380.0,4380.0,4120.0,4130.0,3604.369140625,207157400.0
2020-02-28,3990.0,4190.0,3910.0,4190.0,3656.732666015625,191962700.0
2020-03-02,4190.0,4200.0,3980.0,3980.0,3473.459716796875,187659200.0
2020-03-03,4050.0,4180.0,4000.0,4100.0,3578.187255859375,198413400.0
2020-03-04,4140.0,4240.0,4130.0,4220.0,3682.91455078125,116305200.0
2020-03-05,4290.0,4300.0,4130.0,4150.0,3621.823486328125,133588200.0
2020-03-06,4040.0,4050.0,4000.0,4010.0,3499.641845703125,159391900.0
2020-03-09,3900.0,3950.0,3750.0,3750.0,3272.73193359375,149028700.0
2020-03-10,3780.0,4030.0,3780.0,3910.0,3412.36865234375,165975500.0
2020-03-11,3950.0,4030.0,3880.0,3910.0,3412.36865234375,177519900.0
2020-03-12,3820.0,3840.0,3600.0,3610.0,3150.55029296875,151940600.0
2020-03-13,3610.0,3770.0,3360.0,3720.0,3246.55029296875,268837000.0
2020-03-16,3750.0,3750.0,3460.0,3500.0,3054.550048828125,178420500.0
2020-03-17,3500.0,3570.0,3260.0,3260.0,2845.095458984375,208568600.0
2020-03-18,3270.0,3440.0,3090.0,3140.0,2740.36767578125,248104200.0
2020-03-19,3130.0,3140.0,2930.0,2930.0,2557.0947265625,137946900.0
2020-03-20,2930.0,2970.0,2730.0,2810.0,2452.3671875,598363000.0
2020-03-23,2650.0,2700.0,2620.0,2620.0,2286.548828125,164404600.0
2020-03-24,2580.0,2750.0,2440.0,2440.0,2129.457763671875,495129300.0
2020-03-26,2500.0,3000.0,2500.0,2940.0,2565.822021484375,634588200.0
2020-03-27,3000.0,3670.0,3000.0,3230.0,2818.91357421875,480930500.0
2020-03-30,3150.0,3150.0,3010.0,3010.0,2626.9130859375,217509200.0
2020-03-31,3100.0,3200.0,2970.0,3020.0,2635.64013671875,314996600.0
2020-04-01,3010.0,3080.0,2900.0,2930.0,2557.0947265625,271743600.0
2020-04-02,2850.0,2900.0,2800.0,2870.0,2504.731201171875,299882400.0
2020-04-03,2930.0,2950.0,2830.0,2890.0,2522.18603515625,293146900.0
2020-04-06,2950.0,3030.0,2910.0,3020.0,2635.64013671875,285099900.0
2020-04-07,3100.0,3240.0,2950.0,3030.0,2644.36767578125,405389200.0
2020-04-08,3000.0,3040.0,2820.0,2820.0,2461.094482421875,292946600.0
2020-04-09,2860.0,2910.0,2750.0,2790.0,2434.91259765625,265787000.0
2020-04-13,2790.0,2840.0,2700.0,2770.0,2417.458251953125,123731400.0
2020-04-14,2790.0,2900.0,2770.0,2900.0,2530.9130859375,219734000.0
2020-04-15,2900.0,2990.0,2730.0,2760.0,2408.730712890625,319095100.0
2020-04-16,2770.0,2770.0,2580.0,2610.0,2277.821533203125,367748800.0
2020-04-17,2670.0,2840.0,2660.0,2830.0,2469.82177734375,402325500.0
2020-04-20,2880.0,2900.0,2760.0,2780.0,2426.185302734375,222008500.0
2020-04-21,2750.0,2790.0,2690.0,2720.0,2373.82177734375,132873300.0
2020-04-22,2700.0,2830.0,2650.0,2790.0,2434.91259765625,179543300.0
2020-04-23,2830.0,2880.0,2790.0,2800.0,2443.639892578125,216170700.0
2020-04-24,2800.0,2800.0,2630.0,2630.0,2295.276123046875,293711300.0
2020-04-27,2680.0,2700.0,2610.0,2660.0,2321.458251953125,182608400.0
2020-04-28,2680.0,2690.0,2570.0,2590.0,2260.366943359375,268296100.0
2020-04-29,2600.0,2620.0,2560.0,2580.0,2251.6396484375,209136400.0
2020-04-30,2620.0,2740.0,2610.0,2730.0,2382.548828125,432073900.0
2020-05-04,2670.0,2680.0,2600.0,2630.0,2295.276123046875,200608900.0
2020-05-05,2630.0,2680.0,2610.0,2630.0,2295.276123046875,184761500.0
2020-05-06,2630.0,2650.0,2600.0,2620.0,2286.548828125,173052900.0
2020-05-08,2640.0,2660.0,2580.0,2590.0,2260.366943359375,205764900.0
2020-05-11,2630.0,2640.0,2600.0,2620.0,2286.548828125,154599200.0
2020-05-12,2620.0,2630.0,2470.0,2490.0,2173.09423828125,368672700.0
2020-05-13,2460.0,2520.0,2440.0,2470.0,2155.6396484375,338592200.0
2020-05-14,2440.0,2480.0,2330.0,2350.0,2050.912109375,470265100.0
2020-05-15,2380.0,2400.0,2210.0,2240.0,1954.912109375,594658300.0
2020-05-18,2250.0,2270.0,2160.0,2170.0,1893.821044921875,455462600.0
2020-05-19,2250.0,2420.0,2250.0,2370.0,2068.36669921875,531310100.0
2020-05-20,2360.0,2500.0,2320.0,2480.0,2164.366943359375,394395900.0
2020-05-26,2550.0,2550.0,2470.0,2520.0,2199.276123046875,404097300.0
2020-05-27,2540.0,2630.0,2520.0,2630.0,2295.276123046875,432813000.0
2020-05-28,2640.0,2780.0,2640.0,2730.0,2382.548828125,453391300.0
2020-05-29,2700.0,2950.0,2700.0,2950.0,2574.54931640625,872607300.0
2020-06-02,2950.0,3290.0,2950.0,3180.0,2775.27685546875,467460800.0
2020-06-03,3200.0,3280.0,3010.0,3100.0,2705.458740234375,438099000.0
2020-06-04,3120.0,3200.0,3030.0,3060.0,2670.549560546875,250143200.0
2020-06-05,3070.0,3130.0,2960.0,3110.0,2714.18603515625,267393400.0
2020-06-08,3180.0,3370.0,3170.0,3300.0,2880.00439453125,384332100.0
2020-06-09,3350.0,3360.0,3210.0,3210.0,2801.458740234375,254497400.0
2020-06-10,3180.0,3180.0,3000.0,3030.0,2644.36767578125,443231300.0
2020-06-11,3130.0,3130.0,2900.0,2970.0,2592.00390625,372347500.0
2020-06-12,2900.0,3040.0,2800.0,3030.0,2644.36767578125,472128400.0
2020-06-15,3040.0,3050.0,2890.0,2900.0,2530.9130859375,230766700.0
2020-06-16,2970.0,3150.0,2960.0,3130.0,2731.640625,338682000.0
2020-06-17,3200.0,3200.0,3080.0,3100.0,2705.458740234375,218180800.0
2020-06-18,3050.0,3120.0,3040.0,3050.0,2661.822021484375,130942600.0
2020-06-19,3080.0,3110.0,3060.0,3100.0,2705.458740234375,166969600.0
2020-06-22,3100.0,3110.0,3030.0,3060.0,2670.549560546875,95377000.0
2020-06-23,3020.0,3060.0,2980.0,3010.0,2626.9130859375,171421500.0
2020-06-24,3050.0,3140.0,3010.0,3120.0,2722.913330078125,308484300.0
2020-06-25,3100.0,3110.0,3040.0,3060.0,2670.549560546875,158209300.0
2020-06-26,3100.0,3120.0,3020.0,3030.0,2644.36767578125,147306200.0
2020-06-29,3040.0,3060.0,2980.0,3040.0,2653.094970703125,118809900.0
2020-06-30,3070.0,3110.0,3030.0,3030.0,2644.36767578125,134014700.0
2020-07-01,3040.0,3070.0,3030.0,3060.0,2670.549560546875,101290700.0
2020-07-02,3090.0,3090.0,3040.0,3060.0,2670.549560546875,169484600.0
2020-07-03,3060.0,3090.0,3040.0,3050.0,2661.822021484375,49472800.0
2020-07-06,3070.0,3100.0,3030.0,3040.0,2653.094970703125,134677700.0
2020-07-07,3070.0,3080.0,3030.0,3030.0,2644.36767578125,207371700.0
2020-07-08,3040.0,3200.0,3030.0,3190.0,2784.00390625,339667600.0
2020-07-09,3190.0,3230.0,3140.0,3140.0,2740.36767578125,192182300.0
2020-07-10,3130.0,3150.0,3100.0,3110.0,2714.18603515625,107116200.0
2020-07-13,3130.0,3180.0,3050.0,3160.0,2757.822265625,95863700.0
2020-07-14,3160.0,3250.0,3130.0,3170.0,2766.54931640625,211237700.0
2020-07-15,3200.0,3240.0,3130.0,3130.0,2731.640625,165721200.0
2020-07-16,3130.0,3160.0,3130.0,3140.0,2740.36767578125,117097200.0
2020-07-17,3140.0,3150.0,3100.0,3100.0,2705.458740234375,119587700.0
2020-07-20,3100.0,3130.0,3030.0,3050.0,2661.822021484375,136548700.0
2020-07-21,3050.0,3180.0,3050.0,3150.0,2749.094970703125,204157000.0
2020-07-22,3160.0,3170.0,3090.0,3100.0,2705.458740234375,173557500.0
2020-07-23,3120.0,3160.0,3100.0,3140.0,2740.36767578125,147857700.0
2020-07-24,3130.0,3140.0,3090.0,3090.0,2696.7314453125,94805600.0
2020-07-27,3090.0,3150.0,3090.0,3150.0,2749.094970703125,94516900.0
2020-07-28,3160.0,3170.0,3100.0,3140.0,2740.36767578125,103419800.0
2020-07-29,3140.0,3150.0,3100.0,3120.0,2722.913330078125,67176700.0
2020-07-30,3130.0,3170.0,3110.0,3160.0,2757.822265625,78478700.0
2020-08-03,3170.0,3180.0,2970.0,2990.0,2609.45849609375,339279900.0
2020-08-04,3000.0,3080.0,3000.0,3080.0,2688.00390625,156288000.0
2020-08-05,3100.0,3110.0,3040.0,3080.0,2688.00390625,161496000.0
2020-08-06,3100.0,3130.0,3090.0,3110.0,2714.18603515625,114602400.0
2020-08-07,3110.0,3130.0,3060.0,3110.0,2714.18603515625,89917300.0
2020-08-10,3110.0,3150.0,3100.0,3130.0,2731.640625,91465200.0
2020-08-11,3130.0,3220.0,3130.0,3190.0,2784.00390625,172459100.0
2020-08-12,3190.0,3370.0,3190.0,3350.0,2923.64111328125,459419200.0
2020-08-13,3350.0,3450.0,3300.0,3330.0,2906.1865234375,214222600.0
2020-08-14,3330.0,3350.0,3280.0,3340.0,2914.91357421875,99152200.0
2020-08-18,3340.0,3530.0,3340.0,3520.0,3072.004638671875,262001000.0
2020-08-19,3520.0,3640.0,3520.0,3560.0,3106.913818359375,217533000.0
2020-08-24,3530.0,3650.0,3520.0,3640.0,3176.732177734375,194972300.0
2020-08-25,3670.0,3800.0,3640.0,3800.0,3316.36865234375,179300000.0
2020-08-26,3800.0,3820.0,3700.0,3740.0,3264.0048828125,161962800.0
2020-08-27,3740.0,3780.0,3660.0,3700.0,3229.095703125,187984900.0
2020-08-28,3710.0,3740.0,3650.0,3690.0,3220.368408203125,77888200.0
2020-08-31,3700.0,3740.0,3500.0,3510.0,3063.277099609375,266042400.0
2020-09-01,3550.0,3630.0,3480.0,3610.0,3150.55029296875,196959300.0
2020-09-02,3620.0,3660.0,3590.0,3660.0,3194.1865234375,106924600.0
2020-09-03,3660.0,3690.0,3550.0,3580.0,3124.368408203125,179612400.0
2020-09-04,3610.0,3610.0,3480.0,3550.0,3098.186767578125,134555700.0
2020-09-07,3550.0,3570.0,3500.0,3510.0,3063.277099609375,94814200.0
2020-09-08,3510.0,3570.0,3510.0,3520.0,3072.004638671875,81381900.0
2020-09-09,3480.0,3490.0,3380.0,3410.0,2976.00439453125,178435500.0
2020-09-10,3300.0,3300.0,3180.0,3180.0,2775.27685546875,277847900.0
2020-09-11,3020.0,3310.0,3010.0,3250.0,2836.367919921875,583497600.0
2020-09-14,3300.0,3450.0,3300.0,3440.0,3002.186279296875,275888700.0
2020-09-15,3440.0,3460.0,3310.0,3330.0,2906.1865234375,195531100.0
2020-09-16,3370.0,3390.0,3240.0,3260.0,2845.095458984375,138529300.0
2020-09-17,3270.0,3310.0,3170.0,3200.0,2792.731201171875,167611400.0
2020-09-18,3200.0,3270.0,3190.0,3220.0,2810.185791015625,202880500.0
2020-09-21,3200.0,3250.0,3150.0,3190.0,2784.00390625,114168800.0
2020-09-22,3110.0,3190.0,3100.0,3130.0,2731.640625,134585500.0
2020-09-23,3170.0,3180.0,3050.0,3080.0,2688.00390625,120607900.0
2020-09-24,3030.0,3080.0,3010.0,3030.0,2644.36767578125,164151300.0
2020-09-25,3060.0,3180.0,3040.0,3160.0,2757.822265625,169418100.0
2020-09-28,3180.0,3230.0,3080.0,3090.0,2696.7314453125,135465800.0
2020-09-29,3120.0,3160.0,3020.0,3040.0,2653.094970703125,182697100.0
2020-09-30,3060.0,3080.0,3000.0,3040.0,2653.094970703125,167835700.0
2020-10-01,3090.0,3170.0,3060.0,3160.0,2757.822265625,130031000.0
2020-10-02,3180.0,3210.0,3060.0,3100.0,2705.458740234375,157063600.0
2020-10-05,3160.0,3170.0,3110.0,3160.0,2757.822265625,92722900.0
2020-10-06,3220.0,3240.0,3180.0,3190.0,2784.00390625,120816800.0
2020-10-07,3160.0,3170.0,3080.0,3120.0,2722.913330078125,288740100.0
2020-10-08,3150.0,3170.0,3110.0,3150.0,2749.094970703125,123924000.0
2020-10-09,3150.0,3170.0,3120.0,3150.0,2749.094970703125,81127400.0
2020-10-12,3160.0,3210.0,3150.0,3190.0,2784.00390625,156519700.0
2020-10-13,3190.0,3300.0,3150.0,3280.0,2862.5498046875,204438200.0
2020-10-14,3300.0,3380.0,3290.0,3360.0,2932.3681640625,193879700.0
2020-10-15,3360.0,3380.0,3310.0,3310.0,2888.7314453125,183294800.0
2020-10-16,3340.0,3360.0,3210.0,3250.0,2836.367919921875,140443600.0
2020-10-19,3260.0,3290.0,3230.0,3280.0,2862.5498046875,96199300.0
2020-10-20,3280.0,3290.0,3210.0,3250.0,2836.367919921875,134038300.0
2020-10-21,3280.0,3310.0,3230.0,3240.0,2827.640625,116981800.0
2020-10-22,3220.0,3300.0,3200.0,3300.0,2880.00439453125,160136600.0
2020-10-23,3350.0,3350.0,3270.0,3290.0,2871.277099609375,117246500.0
2020-10-26,3300.0,3360.0,3290.0,3340.0,2914.91357421875,101222500.0
2020-10-27,3340.0,3400.0,3330.0,3360.0,2932.3681640625,183306100.0
2020-11-02,3360.0,3390.0,3300.0,3380.0,2949.82275390625,156784000.0
2020-11-03,3390.0,3400.0,3360.0,3380.0,2949.82275390625,121456100.0
2020-11-04,3420.0,3420.0,3290.0,3290.0,2871.277099609375,138230100.0
2020-11-05,3370.0,3490.0,3360.0,3490.0,3045.822509765625,234792600.0
2020-11-06,3510.0,3600.0,3470.0,3560.0,3106.913818359375,268767800.0
2020-11-09,3680.0,3690.0,3580.0,3690.0,3220.368408203125,257455400.0
2020-11-10,3800.0,4010.0,3770.0,4000.0,3490.914306640625,565562100.0
2020-11-11,3970.0,4190.0,3950.0,4120.0,3595.6416015625,357098000.0
2020-11-12,4100.0,4100.0,3920.0,3950.0,3447.277587890625,333297500.0
2020-11-13,3970.0,4080.0,3960.0,4000.0,3490.914306640625,237374000.0
2020-11-16,4050.0,4070.0,3930.0,3960.0,3456.005126953125,193022100.0
2020-11-17,4000.0,4020.0,3930.0,3960.0,3456.005126953125,180851100.0
2020-11-18,3980.0,4050.0,3970.0,4040.0,3525.82373046875,182657300.0
2020-11-19,4010.0,4130.0,3980.0,4040.0,3525.82373046875,199700800.0
2020-11-20,4040.0,4080.0,3990.0,4020.0,3508.369140625,124785400.0
2020-11-23,4010.0,4100.0,4010.0,4080.0,3560.732666015625,123510900.0
2020-11-24,4120.0,4230.0,4080.0,4200.0,3665.459716796875,206164400.0
2020-11-25,4320.0,4390.0,4250.0,4320.0,3770.187744140625,283337800.0
2020-11-26,4220.0,4320.0,4220.0,4290.0,3744.005859375,136526100.0
2020-11-27,4330.0,4370.0,4270.0,4270.0,3726.55126953125,114940800.0
2020-11-30,4250.0,4280.0,3990.0,4090.0,3569.4599609375,448799300.0
2020-12-01,4130.0,4260.0,4070.0,4240.0,3700.369384765625,228412600.0
2020-12-02,4320.0,4340.0,4250.0,4300.0,3752.73291015625,136348400.0
2020-12-03,4350.0,4400.0,4300.0,4400.0,3840.005859375,198985500.0
2020-12-04,4400.0,4400.0,4270.0,4300.0,3752.73291015625,150379700.0
2020-12-07,4350.0,4420.0,4350.0,4400.0,3840.005859375,140849600.0
2020-12-08,4400.0,4400.0,4340.0,4400.0,3840.005859375,81272000.0
2020-12-10,4450.0,4450.0,4330.0,4330.0,3778.914794921875,193630600.0
2020-12-11,4400.0,4400.0,4260.0,4280.0,3735.27880859375,174446900.0
2020-12-14,4300.0,4310.0,4270.0,4280.0,3735.27880859375,127385200.0
2020-12-15,4280.0,4290.0,4240.0,4280.0,3735.27880859375,133712000.0
2020-12-16,4340.0,4350.0,4300.0,4320.0,3770.187744140625,130044800.0
2020-12-17,4360.0,4360.0,4310.0,4330.0,3778.914794921875,141727100.0
2020-12-18,4270.0,4300.0,4270.0,4280.0,3735.27880859375,207410700.0
2020-12-21,4330.0,4340.0,4210.0,4210.0,3674.187255859375,218968900.0
2020-12-22,4240.0,4280.0,4120.0,4130.0,3604.369140625,171484000.0
2020-12-23,4150.0,4180.0,3950.0,4160.0,3630.551025390625,170156900.0
2020-12-28,4250.0,4260.0,4160.0,4250.0,3709.096923828125,86117000.0
2020-12-29,4250.0,4280.0,4170.0,4180.0,3648.00537109375,75203600.0
2020-12-30,4190.0,4210.0,4130.0,4170.0,3639.27783203125,90020900.0
2021-01-04,4150.0,4320.0,4150.0,4310.0,3761.46044921875,96568200.0
2021-01-05,4300.0,4300.0,4240.0,4270.0,3726.55126953125,97239100.0
2021-01-06,4280.0,4300.0,4160.0,4200.0,3665.459716796875,116634000.0
2021-01-07,4260.0,4290.0,4210.0,4280.0,3735.27880859375,128905400.0
2021-01-08,4330.0,4390.0,4300.0,4390.0,3831.2783203125,186370900.0
2021-01-11,4420.0,4660.0,4410.0,4650.0,4058.187744140625,383714500.0
2021-01-12,4680.0,4770.0,4670.0,4720.0,4119.2783203125,236714500.0
2021-01-13,4770.0,4840.0,4750.0,4790.0,4180.36962890625,210161400.0
2021-01-14,4820.0,4830.0,4720.0,4770.0,4162.9150390625,133616600.0
2021-01-15,4770.0,4770.0,4550.0,4580.0,3997.0966796875,204714500.0
2021-01-18,4580.0,4650.0,4540.0,4620.0,4032.005859375,165968700.0
2021-01-19,4700.0,4700.0,4610.0,4620.0,4032.005859375,138570500.0
2021-01-20,4670.0,4920.0,4650.0,4890.0,4267.642578125,252471500.0
2021-01-21,4920.0,4950.0,4770.0,4790.0,4180.36962890625,161156700.0
2021-01-22,4860.0,4860.0,4680.0,4720.0,4119.2783203125,166662700.0
2021-01-25,4790.0,4790.0,4610.0,4780.0,4171.642578125,150250800.0
2021-01-26,4780.0,4790.0,4620.0,4650.0,4058.187744140625,148952500.0
2021-01-27,4650.0,4720.0,4500.0,4620.0,4032.005859375,180626300.0
2021-01-28,4580.0,4650.0,4420.0,4470.0,3901.09716796875,160243000.0
2021-01-29,4570.0,4610.0,4180.0,4180.0,3648.00537109375,280201400.0
2021-02-01,4180.0,4440.0,3960.0,4400.0,3840.005859375,322825100.0
2021-02-02,4490.0,4490.0,4260.0,4360.0,3805.096435546875,152295400.0
2021-02-03,4480.0,4480.0,4360.0,4380.0,3822.551513671875,112944600.0
2021-02-04,4450.0,4580.0,4370.0,4490.0,3918.551513671875,147742900.0
2021-02-05,4540.0,4540.0,4420.0,4470.0,3901.09716796875,90003100.0
2021-02-08,4530.0,4530.0,4450.0,4460.0,3892.36962890625,109288100.0
2021-02-09,4500.0,4770.0,4500.0,4620.0,4032.005859375,422144400.0
2021-02-10,4630.0,4710.0,4600.0,4650.0,4058.187744140625,183774900.0
2021-02-11,4700.0,4710.0,4630.0,4680.0,4084.36962890625,90618400.0
2021-02-15,4710.0,4780.0,4700.0,4710.0,4110.55126953125,84687800.0
2021-02-16,4740.0,4740.0,4660.0,4670.0,4075.642333984375,65111300.0
2021-02-17,4710.0,4730.0,4620.0,4630.0,4040.733154296875,92298000.0
2021-02-18,4700.0,4770.0,4650.0,4670.0,4075.642333984375,138260600.0
2021-02-19,4600.0,4790.0,4600.0,4790.0,4180.36962890625,99893400.0
2021-02-22,4850.0,4870.0,4760.0,4790.0,4180.36962890625,143288100.0
2021-02-23,4810.0,4830.0,4740.0,4790.0,4180.36962890625,98008100.0
2021-02-24,4790.0,4820.0,4710.0,4730.0,4128.005859375,95982000.0
2021-02-25,4770.0,4770.0,4670.0,4730.0,4128.005859375,119666500.0
2021-02-26,4730.0,4750.0,4700.0,4710.0,4110.55126953125,147085100.0
2021-03-01,4800.0,4830.0,4720.0,4830.0,4215.279296875,115471100.0
2021-03-02,4870.0,4880.0,4800.0,4800.0,4189.09765625,68358600.0
2021-03-03,4800.0,4850.0,4740.0,4850.0,4232.7333984375,77295700.0
2021-03-04,4850.0,4850.0,4730.0,4760.0,4154.18798828125,107177400.0
2021-03-05,4740.0,4770.0,4700.0,4770.0,4162.9150390625,64715600.0
2021-03-08,4800.0,4820.0,4730.0,4730.0,4128.005859375,63560400.0
2021-03-09,4750.0,4750.0,4560.0,4580.0,3997.0966796875,150476600.0
2021-03-10,4650.0,4660.0,4590.0,4630.0,4040.733154296875,70367800.0
2021-03-12,4690.0,4690.0,4540.0,4580.0,3997.0966796875,138506800.0
2021-03-15,4580.0,4630.0,4560.0,4570.0,3988.369384765625,86801300.0
2021-03-16,4660.0,4770.0,4610.0,4720.0,4119.2783203125,137296600.0
2021-03-17,4680.0,4700.0,4600.0,4670.0,4075.642333984375,105676200.0
2021-03-18,4710.0,4770.0,4690.0,4760.0,4154.18798828125,86939900.0
2021-03-19,4750.0,4750.0,4670.0,4670.0,4075.642333984375,151268300.0
2021-03-22,4700.0,4700.0,4620.0,4630.0,4040.733154296875,60999200.0
2021-03-23,4720.0,4720.0,4650.0,4670.0,4075.642333984375,104576700.0
2021-03-24,4730.0,4730.0,4650.0,4670.0,4075.642333984375,109556600.0
2021-03-25,4700.0,4700.0,4580.0,4620.0,4032.005859375,86494000.0
2021-03-26,4630.0,4720.0,4620.0,4720.0,4119.2783203125,97251100.0
2021-03-29,4780.0,4780.0,4720.0,4720.0,4119.2783203125,97096100.0
2021-03-30,4700.0,4700.0,4480.0,4500.0,3927.279052734375,195358500.0
2021-03-31,4450.0,4480.0,4260.0,4400.0,3840.005859375,293758300.0
2021-04-01,4350.0,4370.0,4210.0,4290.0,3744.005859375,309252700.0
2021-04-05,4320.0,4330.0,4160.0,4200.0,3665.459716796875,314116300.0
2021-04-06,4170.0,4230.0,4150.0,4200.0,3745.645751953125,152105800.0
2021-04-07,4230.0,4240.0,4160.0,4200.0,3745.645751953125,106319800.0
2021-04-08,4250.0,4360.0,4230.0,4350.0,3879.41943359375,144154400.0
2021-04-09,4380.0,4400.0,4350.0,4350.0,3879.41943359375,113886800.0
2021-04-12,4390.0,4390.0,4200.0,4210.0,3754.564208984375,104651900.0
2021-04-13,4210.0,4260.0,4120.0,4160.0,3709.97314453125,109258700.0
2021-04-14,4280.0,4350.0,4220.0,4350.0,3879.41943359375,103208800.0
2021-04-15,4390.0,4410.0,4280.0,4410.0,3932.92822265625,78427900.0
2021-04-16,4450.0,4460.0,4310.0,4340.0,3870.5009765625,67722200.0
2021-04-19,4360.0,4380.0,4310.0,4380.0,3906.173583984375,56531400.0
2021-04-20,4290.0,4330.0,4220.0,4310.0,3843.74658203125,89285800.0
2021-04-21,4240.0,4290.0,4230.0,4230.0,3772.40087890625,47230100.0
2021-04-22,4230.0,4260.0,4200.0,4200.0,3745.645751953125,108010700.0
2021-04-23,4200.0,4280.0,4190.0,4250.0,3790.2373046875,109555800.0
2021-04-26,4240.0,4250.0,4130.0,4140.0,3692.13671875,143058700.0
2021-04-27,4200.0,4200.0,4150.0,4170.0,3718.89111328125,132799600.0
2021-04-28,4170.0,4220.0,4130.0,4130.0,3683.218505859375,115076300.0
2021-04-29,4190.0,4200.0,4140.0,4160.0,3709.97314453125,113372000.0
2021-04-30,4150.0,4160.0,4050.0,4050.0,3611.873046875,234084900.0
2021-05-03,4060.0,4070.0,4000.0,4010.0,3576.199951171875,112939600.0
2021-05-04,4020.0,4070.0,4010.0,4060.0,3620.791259765625,76623800.0
2021-05-05,4110.0,4130.0,4080.0,4090.0,3647.5458984375,106654100.0
2021-05-06,4130.0,4130.0,4070.0,4110.0,3665.38232421875,78386100.0
2021-05-07,4140.0,4140.0,4040.0,4050.0,3611.873046875,75778900.0
2021-05-10,4050.0,4090.0,4050.0,4050.0,3611.873046875,73978500.0
2021-05-11,4030.0,4040.0,3980.0,3990.0,3558.36376953125,151844200.0
2021-05-17,3960.0,4000.0,3900.0,3900.0,3478.099853515625,195291900.0
2021-05-18,3960.0,3960.0,3890.0,3900.0,3478.099853515625,115704100.0
2021-05-19,3850.0,3940.0,3850.0,3870.0,3451.345458984375,123005100.0
2021-05-20,3840.0,3930.0,3820.0,3880.0,3460.263671875,149845300.0
2021-05-21,3920.0,3950.0,3860.0,3890.0,3469.181640625,110111400.0
2021-05-24,3970.0,4060.0,3910.0,4040.0,3602.954833984375,133806900.0
2021-05-25,4070.0,4140.0,4040.0,4060.0,3620.791259765625,153339900.0
2021-05-27,4140.0,4190.0,3950.0,3950.0,3522.690673828125,566074500.0
2021-05-28,4040.0,4170.0,4020.0,4070.0,3629.70947265625,249177000.0
2021-05-31,4130.0,4280.0,4110.0,4260.0,3799.155517578125,296848200.0
2021-06-02,4350.0,4380.0,4230.0,4260.0,3799.155517578125,283865400.0
2021-06-03,4270.0,4360.0,4220.0,4360.0,3888.337158203125,157674300.0
2021-06-04,4380.0,4390.0,4290.0,4340.0,3870.5009765625,125583500.0
2021-06-07,4340.0,4350.0,4210.0,4250.0,3790.2373046875,138866500.0
2021-06-08,4280.0,4280.0,4190.0,4200.0,3745.645751953125,98987900.0
2021-06-09,4100.0,4270.0,4100.0,4220.0,3763.482421875,97665400.0
2021-06-10,4280.0,4320.0,4260.0,4300.0,3834.827880859375,97257300.0
2021-06-11,4350.0,4350.0,4280.0,4280.0,3816.99169921875,52553100.0
2021-06-14,4330.0,4350.0,4280.0,4350.0,3879.41943359375,121237400.0
2021-06-15,4350.0,4350.0,4210.0,4230.0,3772.40087890625,182463800.0
2021-06-16,4150.0,4170.0,4010.0,4010.0,3576.199951171875,437267600.0
2021-06-17,3980.0,4070.0,3930.0,4030.0,3594.03662109375,305679700.0
2021-06-18,4060.0,4060.0,3910.0,3910.0,3487.017822265625,296000300.0
2021-06-21,3880.0,3970.0,3860.0,3940.0,3513.772705078125,145038200.0
2021-06-22,3940.0,4070.0,3920.0,4040.0,3602.954833984375,120755000.0
2021-06-23,4050.0,4070.0,3940.0,3940.0,3513.772705078125,162498800.0
2021-06-24,4000.0,4010.0,3960.0,3990.0,3558.36376953125,50382000.0
2021-06-25,4030.0,4040.0,3990.0,3990.0,3558.36376953125,75589800.0
2021-06-28,3980.0,3990.0,3930.0,3930.0,3504.8544921875,141231800.0
2021-06-29,3860.0,3910.0,3860.0,3900.0,3478.099853515625,121772800.0
2021-06-30,3900.0,3970.0,3890.0,3940.0,3513.772705078125,112847100.0
2021-07-01,3940.0,3970.0,3910.0,3940.0,3513.772705078125,95671900.0
2021-07-02,4000.0,4030.0,3970.0,3990.0,3558.36376953125,85301200.0
2021-07-05,3930.0,3960.0,3880.0,3900.0,3478.099853515625,84968300.0
2021-07-06,3950.0,3950.0,3890.0,3890.0,3469.181640625,55317000.0
2021-07-07,3920.0,3940.0,3810.0,3820.0,3406.75439453125,148723800.0
2021-07-08,3890.0,3900.0,3820.0,3870.0,3451.345458984375,147587600.0
2021-07-09,3860.0,3870.0,3780.0,3800.0,3388.917724609375,127826500.0
2021-07-12,3800.0,3820.0,3750.0,3760.0,3353.2451171875,119727200.0
2021-07-13,3800.0,3800.0,3760.0,3780.0,3371.081298828125,159709500.0
2021-07-14,3780.0,3800.0,3700.0,3710.0,3308.654052734375,105184100.0
2021-07-15,3750.0,3840.0,3730.0,3810.0,3397.836181640625,127139100.0
2021-07-16,3850.0,3860.0,3810.0,3840.0,3424.5908203125,98486200.0
2021-07-19,3850.0,3850.0,3780.0,3780.0,3371.081298828125,63023000.0
2021-07-21,3850.0,3880.0,3810.0,3820.0,3406.75439453125,100915300.0
2021-07-22,3870.0,3910.0,3840.0,3900.0,3478.099853515625,85309600.0
2021-07-23,3940.0,3950.0,3830.0,3870.0,3451.345458984375,87235100.0
2021-07-26,3900.0,3900.0,3820.0,3830.0,3415.67236328125,81996800.0
2021-07-27,3860.0,3860.0,3770.0,3800.0,3388.917724609375,90672700.0
2021-07-28,3800.0,3810.0,3720.0,3730.0,3326.490478515625,70705400.0
2021-07-29,3760.0,3840.0,3750.0,3770.0,3362.163330078125,93469200.0
2021-07-30,3830.0,3830.0,3710.0,3710.0,3308.654052734375,103301100.0
2021-08-02,3770.0,3770.0,3700.0,3740.0,3335.408447265625,96187100.0
2021-08-03,3740.0,3780.0,3720.0,3750.0,3344.326904296875,79873600.0
2021-08-04,3790.0,3850.0,3770.0,3850.0,3433.5087890625,83496200.0
2021-08-05,3900.0,4090.0,3900.0,4050.0,3611.873046875,267404100.0
2021-08-06,4050.0,4060.0,3900.0,3930.0,3504.8544921875,138594800.0
2021-08-09,3940.0,3950.0,3820.0,3850.0,3433.5087890625,93093100.0
2021-08-10,3890.0,3890.0,3810.0,3820.0,3406.75439453125,85771200.0
2021-08-12,3850.0,3850.0,3800.0,3810.0,3397.836181640625,85874900.0
2021-08-13,3820.0,3880.0,3820.0,3870.0,3451.345458984375,95298300.0
2021-08-16,3870.0,3930.0,3840.0,3930.0,3504.8544921875,63711200.0
2021-08-18,3990.0,4090.0,3930.0,4070.0,3629.70947265625,224861000.0
2021-08-19,4000.0,4020.0,3860.0,3880.0,3460.263671875,198373600.0
2021-08-20,3880.0,3940.0,3830.0,3930.0,3504.8544921875,80299100.0
2021-08-23,3980.0,3990.0,3930.0,3960.0,3531.609130859375,61938800.0
2021-08-24,3950.0,3960.0,3830.0,3890.0,3469.181640625,137163100.0
2021-08-25,3499.939453125,3545.393310546875,3499.939453125,3536.302490234375,3153.746826171875,86571495.0
2021-08-26,3536.302490234375,3545.393310546875,3490.848876953125,3518.12109375,3137.532470703125,69144334.0
2021-08-27,3536.302490234375,3536.302490234375,3481.758056640625,3490.848876953125,3113.21044921875,79498923.0
2021-08-30,3499.939453125,3581.75634765625,3490.848876953125,3581.75634765625,3194.283447265625,128539860.0
2021-08-31,3581.75634765625,3590.84716796875,3518.12109375,3572.66552734375,3186.17626953125,134879489.0
2021-09-01,3572.66552734375,3572.66552734375,3527.2119140625,3536.302490234375,3153.746826171875,97691477.0
2021-09-02,3509.0302734375,3536.302490234375,3490.848876953125,3518.12109375,3137.532470703125,81242343.0
2021-09-03,3499.939453125,3572.66552734375,3463.576416015625,3572.66552734375,3186.17626953125,165056860.0
2021-09-06,3590.84716796875,3618.119384765625,3499.939453125,3499.939453125,3121.31787109375,188929693.0
2021-09-07,3536.302490234375,3563.57470703125,3518.12109375,3554.484130859375,3169.961669921875,140380354.0
2021-09-08,3820.0,3880.0,3720.0,3730.0,3326.490478515625,228087900.0
2021-09-09,3700.0,3770.0,3650.0,3730.0,3326.490478515625,306319600.0
2021-09-10,3710.0,3790.0,3670.0,3780.0,3371.081298828125,177033000.0
2021-09-13,3710.0,3750.0,3660.0,3700.0,3299.73583984375,169825000.0
2021-09-14,3720.0,3730.0,3660.0,3700.0,3299.73583984375,216363400.0
2021-09-15,3670.0,3670.0,3620.0,3660.0,3264.062744140625,263544000.0
2021-09-16,3650.0,3660.0,3610.0,3640.0,3246.226806640625,194782800.0
2021-09-17,3630.0,3640.0,3570.0,3610.0,3219.47216796875,346529100.0
2021-09-20,3590.0,3590.0,3510.0,3590.0,3201.6357421875,357971300.0
2021-09-21,3510.0,3580.0,3500.0,3570.0,3183.799072265625,410533900.0
2021-09-22,3520.0,3650.0,3520.0,3610.0,3219.47216796875,416087300.0
2021-09-23,3600.0,3770.0,3590.0,3770.0,3362.163330078125,432390800.0
2021-09-24,3790.0,3860.0,3770.0,3820.0,3406.75439453125,634549600.0
2021-09-27,3770.0,3800.0,3730.0,3750.0,3344.326904296875,380151200.0
2021-09-28,3770.0,3770.0,3690.0,3720.0,3317.572021484375,306827400.0
2021-09-29,3720.0,3750.0,3690.0,3740.0,3335.408447265625,143081800.0
2021-09-30,3760.0,3870.0,3750.0,3850.0,3433.5087890625,416099000.0
2021-10-01,3850.0,3920.0,3830.0,3900.0,3478.099853515625,359864700.0
2021-10-04,3900.0,4010.0,3890.0,3970.0,3540.52734375,335762600.0
2021-10-05,3950.0,3980.0,3910.0,3930.0,3504.8544921875,236562700.0
2021-10-06,3920.0,4150.0,3920.0,4120.0,3674.30029296875,446708800.0
2021-10-07,4150.0,4170.0,4070.0,4120.0,3674.30029296875,264905400.0
2021-10-08,4190.0,4240.0,4130.0,4160.0,3709.97314453125,196631600.0
2021-10-11,4160.0,4200.0,4130.0,4180.0,3727.809326171875,146720100.0
2021-10-12,4180.0,4240.0,4180.0,4220.0,3763.482421875,241196000.0
2021-10-13,4230.0,4300.0,4220.0,4280.0,3816.99169921875,264629400.0
2021-10-14,4280.0,4350.0,4230.0,4250.0,3790.2373046875,196989500.0
2021-10-15,4250.0,4330.0,4220.0,4320.0,3852.664794921875,318189600.0
2021-10-18,4350.0,4410.0,4340.0,4410.0,3932.92822265625,286829000.0
2021-10-19,4450.0,4450.0,4360.0,4400.0,3924.01025390625,161256300.0
2021-10-21,4450.0,4460.0,4320.0,4360.0,3888.337158203125,319230200.0
2021-10-22,4340.0,4400.0,4320.0,4400.0,3924.01025390625,160459300.0
2021-10-25,4330.0,4370.0,4300.0,4300.0,3834.827880859375,128240100.0
2021-10-26,4280.0,4370.0,4270.0,4350.0,3879.41943359375,108782400.0
2021-10-27,4330.0,4340.0,4260.0,4290.0,3825.91015625,258038300.0
2021-10-28,4210.0,4300.0,4200.0,4240.0,3781.318603515625,159645200.0
2021-10-29,4300.0,4300.0,4220.0,4250.0,3790.2373046875,155011100.0
2021-11-01,4330.0,4330.0,4220.0,4230.0,3772.40087890625,102079300.0
2021-11-02,4270.0,4270.0,4210.0,4210.0,3754.564208984375,124799700.0
2021-11-03,4250.0,4300.0,4210.0,4290.0,3825.91015625,100486300.0
2021-11-04,4330.0,4340.0,4250.0,4250.0,3790.2373046875,119591100.0
2021-11-05,4270.0,4270.0,4210.0,4240.0,3781.318603515625,74347000.0
2021-11-08,4250.0,4260.0,4220.0,4230.0,3772.40087890625,79465600.0
2021-11-09,4230.0,4250.0,4220.0,4250.0,3790.2373046875,92453200.0
2021-11-10,4230.0,4260.0,4210.0,4250.0,3790.2373046875,69475400.0
2021-11-11,4290.0,4300.0,4230.0,4250.0,3790.2373046875,149637700.0
2021-11-12,4270.0,4290.0,4210.0,4220.0,3763.482421875,80234400.0
2021-11-15,4220.0,4220.0,4140.0,4160.0,3709.97314453125,220142300.0
2021-11-16,4120.0,4170.0,4120.0,4130.0,3683.218505859375,163555000.0
2021-11-17,4170.0,4200.0,4160.0,4200.0,3745.645751953125,126523700.0
2021-11-18,4150.0,4190.0,4140.0,4180.0,3727.809326171875,114881200.0
2021-11-19,4220.0,4290.0,4220.0,4280.0,3816.99169921875,182167700.0
2021-11-22,4310.0,4310.0,4250.0,4280.0,3816.99169921875,151514000.0
2021-11-23,4280.0,4280.0,4200.0,4210.0,3754.564208984375,104294200.0
2021-11-24,4200.0,4230.0,4190.0,4210.0,3754.564208984375,111072800.0
2021-11-25,4180.0,4250.0,4180.0,4220.0,3763.482421875,123609400.0
2021-11-26,4190.0,4220.0,4150.0,4160.0,3709.97314453125,148652500.0
2021-11-29,4150.0,4190.0,4080.0,4170.0,3718.89111328125,164312800.0
2021-11-30,4150.0,4220.0,4090.0,4090.0,3647.5458984375,316653200.0
2021-12-01,4090.0,4180.0,4070.0,4080.0,3638.627685546875,163457900.0
2021-12-02,4060.0,4220.0,4060.0,4200.0,3745.645751953125,139281800.0
2021-12-03,4210.0,4220.0,4170.0,4170.0,3718.89111328125,93227100.0
2021-12-06,4200.0,4220.0,4110.0,4110.0,3665.38232421875,106610000.0
2021-12-07,4190.0,4230.0,4160.0,4230.0,3772.40087890625,182048000.0
2021-12-08,4250.0,4250.0,4170.0,4210.0,3754.564208984375,143230200.0
2021-12-09,4220.0,4220.0,4160.0,4190.0,3736.727783203125,90471500.0
2021-12-10,4130.0,4160.0,4130.0,4130.0,3683.218505859375,122999200.0
2021-12-13,4170.0,4200.0,4160.0,4160.0,3709.97314453125,86848900.0
2021-12-14,4150.0,4160.0,4130.0,4130.0,3683.218505859375,100110000.0
2021-12-15,4150.0,4230.0,4140.0,4200.0,3745.645751953125,124522800.0
2021-12-16,4220.0,4220.0,4120.0,4140.0,3692.13671875,136646600.0
2021-12-17,4090.0,4140.0,4090.0,4110.0,3665.38232421875,153165400.0
2021-12-20,4070.0,4130.0,4060.0,4120.0,3674.30029296875,89198900.0
2021-12-21,4100.0,4120.0,4080.0,4080.0,3638.627685546875,109561800.0
2021-12-22,4100.0,4110.0,4050.0,4050.0,3611.873046875,104738000.0
2021-12-23,4090.0,4110.0,4060.0,4100.0,3656.464111328125,72736800.0
2021-12-24,4100.0,4120.0,4050.0,4070.0,3629.70947265625,59795000.0
2021-12-27,4070.0,4110.0,4060.0,4060.0,3620.791259765625,65491200.0
2021-12-28,4090.0,4110.0,4070.0,4090.0,3647.5458984375,52952500.0
2021-12-29,4090.0,4100.0,4070.0,4080.0,3638.627685546875,27676500.0
2021-12-30,4080.0,4140.0,4060.0,4110.0,3665.38232421875,146989400.0
2022-01-03,4120.0,4190.0,4090.0,4180.0,3727.809326171875,90842500.0
2022-01-04,4200.0,4210.0,4160.0,4160.0,3709.97314453125,93950000.0
2022-01-05,4180.0,4230.0,4130.0,4210.0,3754.564208984375,174376400.0
2022-01-06,4240.0,4240.0,4140.0,4160.0,3709.97314453125,137280000.0
2022-01-07,4170.0,4200.0,4150.0,4190.0,3736.727783203125,101275000.0
2022-01-10,4190.0,4210.0,4180.0,4180.0,3727.809326171875,70722600.0
2022-01-11,4180.0,4180.0,4130.0,4150.0,3701.054931640625,99404900.0
2022-01-12,4170.0,4180.0,4130.0,4160.0,3709.97314453125,65907000.0
2022-01-13,4180.0,4190.0,4170.0,4190.0,3736.727783203125,103522400.0
2022-01-14,4190.0,4210.0,4160.0,4180.0,3727.809326171875,110213800.0
2022-01-17,4200.0,4210.0,4180.0,4210.0,3754.564208984375,102957100.0
2022-01-18,4240.0,4240.0,4140.0,4190.0,3736.727783203125,120275000.0
2022-01-19,4210.0,4210.0,4130.0,4130.0,3683.218505859375,109954700.0
2022-01-20,4130.0,4160.0,4110.0,4130.0,3683.218505859375,86394600.0
2022-01-21,4130.0,4170.0,4110.0,4170.0,3718.89111328125,84972500.0
2022-01-24,4140.0,4160.0,4100.0,4120.0,3674.30029296875,76709900.0
2022-01-25,4100.0,4110.0,4000.0,4070.0,3629.70947265625,185007800.0
2022-01-26,4030.0,4100.0,4030.0,4090.0,3647.5458984375,97589500.0
2022-01-27,4070.0,4140.0,4060.0,4140.0,3692.13671875,80682900.0
2022-01-28,4170.0,4170.0,4090.0,4140.0,3692.13671875,84812100.0
2022-01-31,4170.0,4170.0,4070.0,4070.0,3629.70947265625,78498500.0
2022-02-02,4120.0,4120.0,4060.0,4070.0,3629.70947265625,81546300.0
2022-02-03,4180.0,4180.0,4130.0,4130.0,3683.218505859375,157898800.0
2022-02-04,4170.0,4210.0,4150.0,4210.0,3754.564208984375,236602900.0
2022-02-07,4240.0,4410.0,4220.0,4400.0,3924.01025390625,468016600.0
2022-02-08,4450.0,4550.0,4400.0,4440.0,3959.682861328125,310878100.0
2022-02-09,4400.0,4500.0,4380.0,4450.0,3968.601318359375,149000100.0
2022-02-10,4500.0,4500.0,4450.0,4470.0,3986.437744140625,112521600.0
2022-02-11,4420.0,4450.0,4380.0,4450.0,3968.601318359375,103418200.0
2022-02-14,4450.0,4450.0,4380.0,4410.0,3932.92822265625,105260000.0
2022-02-15,4440.0,4450.0,4390.0,4430.0,3950.764404296875,96658500.0
2022-02-16,4470.0,4470.0,4410.0,4420.0,3941.846435546875,89636300.0
2022-02-17,4390.0,4410.0,4340.0,4400.0,3924.01025390625,118305100.0
2022-02-18,4400.0,4440.0,4370.0,4430.0,3950.764404296875,127058000.0
2022-02-21,4460.0,4490.0,4440.0,4490.0,4004.274169921875,133717300.0
2022-02-22,4440.0,4470.0,4420.0,4430.0,3950.764404296875,109060900.0
2022-02-23,4520.0,4520.0,4460.0,4480.0,3995.355224609375,160827800.0
2022-02-24,4470.0,4470.0,4370.0,4390.0,3915.091796875,217523600.0
2022-02-25,4450.0,4550.0,4410.0,4550.0,4057.782958984375,301346400.0
2022-03-01,4850.0,4860.0,4630.0,4630.0,4129.12841796875,494657800.0
2022-03-02,4680.0,4690.0,4550.0,4560.0,4066.701416015625,186635200.0
2022-03-04,4720.0,4730.0,4610.0,4670.0,4164.8017578125,292022600.0
2022-03-07,4580.0,4630.0,4520.0,4520.0,4031.028564453125,224515800.0
2022-03-08,4500.0,4560.0,4430.0,4430.0,3950.764404296875,214870200.0
2022-03-09,4530.0,4590.0,4500.0,4570.0,4075.619873046875,191967100.0
2022-03-10,4640.0,4640.0,4510.0,4570.0,4075.619873046875,225575800.0
2022-03-11,4400.0,4440.0,4370.0,4400.0,4079.561767578125,275965300.0
2022-03-14,4440.0,4540.0,4410.0,4520.0,4190.822265625,212052100.0
2022-03-15,4550.0,4640.0,4530.0,4610.0,4274.26806640625,357755700.0
2022-03-16,4650.0,4660.0,4610.0,4650.0,4311.35498046875,226817000.0
2022-03-17,4690.0,4700.0,4610.0,4650.0,4311.35498046875,224068000.0
2022-03-18,4700.0,4700.0,4580.0,4580.0,4246.45263671875,257863400.0
2022-03-21,4600.0,4630.0,4560.0,4590.0,4255.724609375,118791900.0
2022-03-22,4690.0,4710.0,4640.0,4640.0,4302.0830078125,177758500.0
2022-03-23,4680.0,4690.0,4620.0,4650.0,4311.35498046875,146545100.0
2022-03-24,4640.0,4730.0,4620.0,4730.0,4385.5283203125,206271600.0
2022-03-25,4760.0,4760.0,4650.0,4710.0,4366.9853515625,137104800.0
2022-03-28,4730.0,4740.0,4670.0,4730.0,4385.5283203125,106801800.0
2022-03-29,4750.0,4750.0,4670.0,4690.0,4348.44189453125,93155100.0
2022-03-30,4740.0,4740.0,4690.0,4710.0,4366.9853515625,83364400.0
2022-03-31,4700.0,4750.0,4660.0,4660.0,4320.62646484375,158650000.0
2022-04-01,4690.0,4730.0,4630.0,4730.0,4385.5283203125,145105000.0
2022-04-04,4730.0,4730.0,4660.0,4700.0,4357.71337890625,103902000.0
2022-04-05,4730.0,4740.0,4670.0,4700.0,4357.71337890625,76154300.0
2022-04-06,4690.0,4690.0,4600.0,4600.0,4264.99560546875,111009800.0
2022-04-07,4670.0,4670.0,4620.0,4630.0,4292.81103515625,91942500.0
2022-04-08,4630.0,4650.0,4600.0,4610.0,4274.26806640625,125657900.0
2022-04-11,4600.0,4620.0,4570.0,4570.0,4237.18115234375,109861100.0
2022-04-12,4550.0,4610.0,4550.0,4610.0,4274.26806640625,96961200.0
2022-04-13,4640.0,4640.0,4590.0,4610.0,4274.26806640625,112327600.0
2022-04-14,4600.0,4610.0,4530.0,4540.0,4209.36572265625,150659600.0
2022-04-18,4550.0,4580.0,4540.0,4550.0,4218.63720703125,82795100.0
2022-04-19,4550.0,4600.0,4540.0,4570.0,4237.18115234375,148475600.0
2022-04-20,4610.0,4870.0,4600.0,4850.0,4496.7890625,404383100.0
2022-04-21,4850.0,4850.0,4760.0,4800.0,4450.4306640625,208253300.0
2022-04-22,4750.0,4850.0,4720.0,4750.0,4404.07177734375,174349500.0
2022-04-25,4700.0,4850.0,4670.0,4840.0,4487.51806640625,235752400.0
2022-04-26,4840.0,4980.0,4830.0,4940.0,4580.2353515625,262734300.0
2022-04-27,4900.0,4930.0,4850.0,4850.0,4496.7890625,191955100.0
2022-04-28,4870.0,4930.0,4860.0,4870.0,4515.3330078125,193821200.0
2022-05-09,4750.0,4760.0,4530.0,4530.0,4200.09423828125,561600400.0
2022-05-10,4260.0,4530.0,4260.0,4530.0,4200.09423828125,435782800.0
2022-05-11,4550.0,4580.0,4480.0,4490.0,4163.00732421875,205233800.0
2022-05-12,4490.0,4490.0,4300.0,4320.0,4005.387939453125,207373600.0
2022-05-13,4250.0,4360.0,4250.0,4250.0,3940.48583984375,336711300.0
2022-05-17,4270.0,4520.0,4270.0,4450.0,4125.92041015625,272650400.0
2022-05-18,4500.0,4530.0,4430.0,4450.0,4125.92041015625,129716500.0
2022-05-19,4350.0,4460.0,4300.0,4440.0,4116.6484375,132614900.0
2022-05-20,4440.0,4490.0,4410.0,4430.0,4107.37646484375,122101000.0
2022-05-23,4410.0,4440.0,4320.0,4330.0,4014.659423828125,175709000.0
2022-05-24,4320.0,4500.0,4320.0,4460.0,4135.19189453125,165758600.0
2022-05-25,4430.0,4450.0,4350.0,4350.0,4033.203125,138961700.0
2022-05-27,4500.0,4540.0,4440.0,4540.0,4209.36572265625,209962100.0
2022-05-30,4540.0,4540.0,4390.0,4430.0,4107.37646484375,193724500.0
2022-05-31,4470.0,4630.0,4450.0,4630.0,4292.81103515625,379626500.0
2022-06-02,4540.0,4600.0,4480.0,4480.0,4153.73486328125,225697500.0
2022-06-03,4530.0,4570.0,4510.0,4520.0,4190.822265625,117643300.0
2022-06-06,4470.0,4510.0,4400.0,4430.0,4107.37646484375,157277700.0
2022-06-07,4460.0,4460.0,4400.0,4400.0,4079.561767578125,133318000.0
2022-06-08,4400.0,4470.0,4380.0,4470.0,4144.4638671875,150604000.0
2022-06-09,4500.0,4520.0,4480.0,4490.0,4163.00732421875,161768800.0
2022-06-10,4470.0,4470.0,4360.0,4400.0,4079.561767578125,222410400.0
2022-06-13,4260.0,4350.0,4260.0,4340.0,4023.93115234375,164017200.0
2022-06-14,4300.0,4410.0,4300.0,4360.0,4042.474365234375,150381800.0
2022-06-15,4360.0,4450.0,4360.0,4450.0,4125.92041015625,160729900.0
2022-06-16,4420.0,4530.0,4410.0,4430.0,4107.37646484375,240023000.0
2022-06-17,4370.0,4400.0,4350.0,4370.0,4051.74658203125,185763100.0
2022-06-20,4400.0,4410.0,4340.0,4400.0,4079.561767578125,95058800.0
2022-06-21,4430.0,4430.0,4380.0,4380.0,4061.01806640625,103964600.0
2022-06-22,4410.0,4410.0,4310.0,4320.0,4005.387939453125,106208500.0
2022-06-23,4300.0,4360.0,4300.0,4310.0,3996.1162109375,127600700.0
2022-06-24,4320.0,4350.0,4310.0,4340.0,4023.93115234375,66083900.0
2022-06-27,4310.0,4330.0,4270.0,4280.0,3968.30078125,152306100.0
2022-06-28,4320.0,4330.0,4280.0,4300.0,3986.843994140625,178535800.0
2022-06-29,4280.0,4310.0,4180.0,4180.0,3875.583251953125,228536100.0
2022-06-30,4120.0,4220.0,4120.0,4150.0,3847.768310546875,239939100.0
2022-07-01,4150.0,4200.0,4110.0,4140.0,3838.49658203125,154659500.0
2022-07-04,4090.0,4120.0,3960.0,4040.0,3745.779296875,246853600.0
2022-07-05,4040.0,4160.0,4040.0,4090.0,3792.137939453125,180648400.0
2022-07-06,4050.0,4100.0,4020.0,4080.0,3782.8662109375,125309100.0
2022-07-07,4040.0,4110.0,4040.0,4050.0,3755.051025390625,172127500.0
2022-07-08,4090.0,4200.0,4050.0,4200.0,3894.126708984375,112914000.0
2022-07-11,4150.0,4170.0,4100.0,4120.0,3819.952880859375,80867700.0
2022-07-12,4120.0,4140.0,4100.0,4110.0,3810.681396484375,56085200.0
2022-07-13,4110.0,4130.0,4030.0,4060.0,3764.32275390625,165745200.0
2022-07-14,4010.0,4090.0,4010.0,4070.0,3773.594482421875,188729700.0
2022-07-15,4060.0,4120.0,4050.0,4110.0,3810.681396484375,91362800.0
2022-07-18,4110.0,4140.0,4080.0,4140.0,3838.49658203125,135284500.0
2022-07-19,4150.0,4150.0,4110.0,4110.0,3810.681396484375,122905900.0
2022-07-20,4180.0,4300.0,4160.0,4300.0,3986.843994140625,220223600.0
2022-07-21,4300.0,4310.0,4230.0,4310.0,3996.1162109375,130405400.0
2022-07-22,4330.0,4330.0,4270.0,4270.0,3959.029052734375,86561100.0
2022-07-25,4250.0,4300.0,4250.0,4250.0,3940.48583984375,60952800.0
2022-07-26,4270.0,4350.0,4260.0,4330.0,4014.659423828125,97709800.0
2022-07-27,4380.0,4380.0,4300.0,4320.0,4005.387939453125,88570800.0
2022-07-28,4340.0,4400.0,4340.0,4360.0,4042.474365234375,136421400.0
2022-07-29,4390.0,4430.0,4340.0,4360.0,4042.474365234375,228669400.0
2022-08-01,4390.0,4410.0,4330.0,4360.0,4042.474365234375,200791700.0
2022-08-02,4360.0,4400.0,4300.0,4400.0,4079.561767578125,173931000.0
2022-08-03,4410.0,4420.0,4350.0,4380.0,4061.01806640625,103412300.0
2022-08-04,4380.0,4390.0,4350.0,4360.0,4042.474365234375,120175700.0
2022-08-05,4360.0,4400.0,4320.0,4360.0,4042.474365234375,168879400.0
2022-08-08,4360.0,4400.0,4340.0,4370.0,4051.74658203125,107242600.0
2022-08-09,4400.0,4470.0,4390.0,4410.0,4088.833251953125,181747100.0
2022-08-10,4350.0,4370.0,4300.0,4310.0,3996.1162109375,205341100.0
2022-08-11,4380.0,4410.0,4340.0,4350.0,4033.203125,193329000.0
2022-08-12,4340.0,4350.0,4320.0,4320.0,4005.387939453125,103916700.0
2022-08-15,4330.0,4350.0,4300.0,4300.0,3986.843994140625,135099400.0
2022-08-16,4350.0,4350.0,4270.0,4280.0,3968.30078125,205432400.0
2022-08-18,4330.0,4340.0,4310.0,4330.0,4014.659423828125,138795300.0
2022-08-19,4340.0,4340.0,4300.0,4300.0,3986.843994140625,84552100.0
2022-08-22,4320.0,4330.0,4270.0,4270.0,3959.029052734375,121124400.0
2022-08-23,4260.0,4310.0,4260.0,4300.0,3986.843994140625,107799500.0
2022-08-24,4300.0,4330.0,4280.0,4290.0,3977.57275390625,75055900.0
2022-08-25,4280.0,4300.0,4270.0,4270.0,3959.029052734375,117653800.0
2022-08-26,4280.0,4290.0,4270.0,4270.0,3959.029052734375,87375200.0
2022-08-29,4250.0,4270.0,4220.0,4250.0,3940.48583984375,88409800.0
2022-08-30,4250.0,4300.0,4250.0,4260.0,3949.757568359375,157219500.0
2022-08-31,4250.0,4350.0,4240.0,4340.0,4023.93115234375,191475700.0
2022-09-01,4320.0,4390.0,4310.0,4390.0,4070.289794921875,139929300.0
2022-09-02,4410.0,4450.0,4380.0,4450.0,4125.92041015625,220616600.0
2022-09-05,4430.0,4600.0,4420.0,4590.0,4255.724609375,261126600.0
2022-09-06,4670.0,4690.0,4550.0,4560.0,4227.9091796875,188042700.0
2022-09-07,4510.0,4550.0,4460.0,4460.0,4135.19189453125,231936700.0
2022-09-08,4480.0,4620.0,4480.0,4600.0,4264.99560546875,250373200.0
2022-09-09,4640.0,4640.0,4570.0,4610.0,4274.26806640625,119286700.0
2022-09-12,4610.0,4630.0,4560.0,4560.0,4227.9091796875,97988000.0
2022-09-13,4560.0,4640.0,4560.0,4580.0,4246.45263671875,141828800.0
2022-09-14,4520.0,4610.0,4510.0,4580.0,4246.45263671875,149960600.0
2022-09-15,4600.0,4700.0,4590.0,4610.0,4274.26806640625,295664100.0
2022-09-16,4610.0,4620.0,4500.0,4500.0,4172.279296875,282492200.0
2022-09-19,4520.0,4600.0,4500.0,4570.0,4237.18115234375,134432000.0
2022-09-20,4570.0,4600.0,4490.0,4490.0,4163.00732421875,138695500.0
2022-09-21,4490.0,4550.0,4470.0,4550.0,4218.63720703125,159976900.0
2022-09-22,4500.0,4580.0,4500.0,4560.0,4227.9091796875,100425300.0
2022-09-23,4540.0,4560.0,4480.0,4480.0,4153.73486328125,139074000.0
2022-09-26,4480.0,4540.0,4410.0,4540.0,4209.36572265625,280747500.0
2022-09-27,4500.0,4550.0,4480.0,4530.0,4200.09423828125,213704600.0
2022-09-28,4510.0,4560.0,4480.0,4520.0,4190.822265625,161815300.0
2022-09-29,4520.0,4540.0,4460.0,4480.0,4153.73486328125,169368600.0
2022-09-30,4450.0,4510.0,4410.0,4490.0,4163.00732421875,224229200.0
2022-10-03,4500.0,4550.0,4480.0,4530.0,4200.09423828125,159559600.0
2022-10-04,4560.0,4650.0,4560.0,4640.0,4302.0830078125,256367100.0
2022-10-05,4660.0,4660.0,4540.0,4540.0,4209.36572265625,182246200.0
2022-10-06,4540.0,4570.0,4510.0,4510.0,4181.55029296875,123346200.0
2022-10-07,4480.0,4490.0,4430.0,4440.0,4116.6484375,133678600.0
2022-10-10,4420.0,4430.0,4340.0,4370.0,4051.74658203125,193923600.0
2022-10-11,4390.0,4430.0,4370.0,4430.0,4107.37646484375,133742200.0
2022-10-12,4470.0,4470.0,4400.0,4400.0,4079.561767578125,128741800.0
2022-10-13,4390.0,4420.0,4350.0,4350.0,4033.203125,104269900.0
2022-10-14,4380.0,4390.0,4270.0,4270.0,3959.029052734375,180841100.0
2022-10-17,4270.0,4320.0,4260.0,4300.0,3986.843994140625,145506000.0
2022-10-18,4280.0,4340.0,4280.0,4290.0,3977.57275390625,161444100.0
2022-10-19,4280.0,4340.0,4280.0,4300.0,3986.843994140625,81682300.0
2022-10-20,4280.0,4400.0,4280.0,4390.0,4070.289794921875,149521700.0
2022-10-21,4360.0,4460.0,4360.0,4430.0,4107.37646484375,165052200.0
2022-10-24,4430.0,4540.0,4430.0,4500.0,4172.279296875,186997700.0
2022-10-25,4560.0,4610.0,4550.0,4590.0,4255.724609375,233948800.0
2022-10-26,4600.0,4610.0,4500.0,4530.0,4200.09423828125,178298500.0
2022-10-27,4550.0,4600.0,4530.0,4600.0,4264.99560546875,131385300.0
2022-10-28,4600.0,4630.0,4560.0,4630.0,4292.81103515625,227256400.0
2022-10-31,4630.0,4680.0,4630.0,4650.0,4311.35498046875,275184000.0
2022-11-01,4690.0,4700.0,4630.0,4660.0,4320.62646484375,230590200.0
2022-11-02,4680.0,4680.0,4570.0,4610.0,4274.26806640625,163816900.0
2022-11-03,4630.0,4660.0,4590.0,4650.0,4311.35498046875,174423000.0
2022-11-04,4650.0,4660.0,4610.0,4650.0,4311.35498046875,85292300.0
2022-11-07,4650.0,4690.0,4610.0,4690.0,4348.44189453125,112070500.0
2022-11-08,4690.0,4690.0,4610.0,4620.0,4283.5400390625,80916300.0
2022-11-09,4600.0,4650.0,4600.0,4650.0,4311.35498046875,126493900.0
2022-11-10,4560.0,4580.0,4520.0,4530.0,4200.09423828125,196277400.0
2022-11-11,4620.0,4650.0,4590.0,4650.0,4311.35498046875,153238500.0
2022-11-14,4620.0,4640.0,4550.0,4580.0,4246.45263671875,140187600.0
2022-11-15,4580.0,4610.0,4560.0,4580.0,4246.45263671875,87986300.0
2022-11-16,4590.0,4610.0,4490.0,4520.0,4190.822265625,245789200.0
2022-11-17,4520.0,4670.0,4500.0,4670.0,4329.8984375,214514600.0
2022-11-18,4670.0,4680.0,4610.0,4610.0,4274.26806640625,105313200.0
2022-11-21,4620.0,4630.0,4560.0,4590.0,4255.724609375,82279300.0
2022-11-22,4570.0,4670.0,4570.0,4590.0,4255.724609375,154866000.0
2022-11-23,4640.0,4670.0,4630.0,4670.0,4329.8984375,147280600.0
2022-11-24,4700.0,4740.0,4670.0,4720.0,4376.2568359375,156735700.0
2022-11-25,4700.0,4750.0,4690.0,4750.0,4404.07177734375,177861100.0
2022-11-28,4730.0,4830.0,4730.0,4820.0,4468.97412109375,214611600.0
2022-11-29,4820.0,4860.0,4790.0,4850.0,4496.7890625,184916300.0
2022-11-30,4810.0,4980.0,4800.0,4980.0,4617.322265625,560639800.0
2022-12-01,5000.0,5025.0,4900.0,4940.0,4580.2353515625,267382600.0
2022-12-02,4900.0,4930.0,4860.0,4890.0,4533.87646484375,199981400.0
2022-12-05,4910.0,4930.0,4860.0,4890.0,4533.87646484375,88463000.0
2022-12-06,4860.0,4890.0,4800.0,4860.0,4506.0615234375,151325300.0
2022-12-07,4840.0,4840.0,4740.0,4760.0,4413.34375,253330100.0
2022-12-08,4760.0,4840.0,4710.0,4840.0,4487.51806640625,154313900.0
2022-12-09,4830.0,4840.0,4760.0,4800.0,4450.4306640625,203573100.0
2022-12-12,4800.0,4850.0,4760.0,4850.0,4496.7890625,139582400.0
2022-12-13,4870.0,4980.0,4840.0,4970.0,4608.0498046875,194233200.0
2022-12-14,5000.0,5000.0,4870.0,4980.0,4617.322265625,201275800.0
2022-12-15,4900.0,4940.0,4880.0,4910.0,4552.419921875,170702300.0
2022-12-16,4820.0,4980.0,4820.0,4980.0,4617.322265625,594601900.0
2022-12-19,4970.0,4980.0,4920.0,4970.0,4608.0498046875,82959800.0
2022-12-20,4930.0,4970.0,4890.0,4910.0,4552.419921875,78671600.0
2022-12-21,4910.0,4940.0,4870.0,4890.0,4533.87646484375,71277800.0
2022-12-22,4910.0,4970.0,4900.0,4960.0,4598.77880859375,87321400.0
2022-12-23,4920.0,4940.0,4880.0,4880.0,4524.6044921875,53350600.0
2022-12-26,4900.0,4930.0,4890.0,4930.0,4570.96337890625,43581100.0
2022-12-27,4930.0,4950.0,4860.0,4870.0,4515.3330078125,74123800.0
2022-12-28,4870.0,4880.0,4810.0,4820.0,4468.97412109375,117912500.0
2022-12-29,4820.0,4870.0,4800.0,4870.0,4515.3330078125,106690700.0
2022-12-30,4870.0,4950.0,4870.0,4940.0,4580.2353515625,182091500.0
2023-01-02,4910.0,4920.0,4820.0,4870.0,4515.3330078125,100200100.0
2023-01-03,4830.0,4900.0,4830.0,4850.0,4496.7890625,95136500.0
2023-01-04,4850.0,4850.0,4770.0,4770.0,4422.615234375,188071000.0
2023-01-05,4750.0,4760.0,4570.0,4640.0,4302.0830078125,292142000.0
2023-01-06,4550.0,4640.0,4550.0,4620.0,4283.5400390625,175932000.0
2023-01-09,4580.0,4640.0,4550.0,4590.0,4255.724609375,166164900.0
2023-01-10,4550.0,4570.0,4410.0,4430.0,4159.02490234375,282510000.0
2023-01-11,4410.0,4430.0,4360.0,4380.0,4112.08349609375,211610100.0
2023-01-12,4480.0,4520.0,4410.0,4500.0,4224.7431640625,210887800.0
2023-01-13,4510.0,4530.0,4420.0,4480.0,4205.966796875,134592100.0
2023-01-16,4430.0,4530.0,4420.0,4520.0,4243.51953125,172170900.0
2023-01-17,4520.0,4580.0,4510.0,4560.0,4281.0732421875,150577400.0
2023-01-18,4560.0,4620.0,4560.0,4600.0,4318.62646484375,178026000.0
2023-01-19,4590.0,4630.0,4580.0,4610.0,4328.01416015625,117204100.0
2023-01-20,4630.0,4670.0,4620.0,4650.0,4365.56787109375,116038300.0
2023-01-24,4660.0,4680.0,4590.0,4620.0,4337.40283203125,81964700.0
2023-01-25,4620.0,4620.0,4550.0,4560.0,4281.0732421875,84009300.0
2023-01-26,4560.0,4620.0,4550.0,4590.0,4309.23779296875,113840400.0
2023-01-27,4600.0,4680.0,4600.0,4640.0,4356.1796875,178282600.0
2023-01-30,4650.0,4680.0,4570.0,4610.0,4328.01416015625,185972400.0
2023-01-31,4610.0,4620.0,4570.0,4580.0,4299.849609375,280039200.0
2023-02-01,4630.0,4690.0,4620.0,4680.0,4393.73291015625,181849300.0
2023-02-02,4650.0,4680.0,4600.0,4600.0,4318.62646484375,145413400.0
2023-02-03,4650.0,4780.0,4630.0,4750.0,4459.451171875,198479900.0
2023-02-06,4780.0,4810.0,4680.0,4740.0,4450.0625,141366300.0
2023-02-07,4740.0,4790.0,4720.0,4750.0,4459.451171875,140923100.0
2023-02-08,4710.0,4790.0,4710.0,4790.0,4497.00439453125,168599500.0
2023-02-09,4790.0,4840.0,4770.0,4810.0,4515.78076171875,177400700.0
2023-02-10,4840.0,4880.0,4770.0,4860.0,4562.72265625,181146600.0
2023-02-13,4900.0,4900.0,4800.0,4800.0,4506.39306640625,144569400.0
2023-02-14,4820.0,4870.0,4810.0,4870.0,4572.11083984375,120995200.0
2023-02-15,4890.0,4890.0,4810.0,4870.0,4572.11083984375,84568100.0
2023-02-16,4890.0,4890.0,4850.0,4870.0,4572.11083984375,69966200.0
2023-02-17,4890.0,4890.0,4830.0,4880.0,4581.4990234375,104019300.0
2023-02-20,4900.0,4900.0,4840.0,4880.0,4581.4990234375,88432500.0
2023-02-21,4880.0,4880.0,4820.0,4820.0,4525.16943359375,59319100.0
2023-02-22,4790.0,4810.0,4730.0,4760.0,4468.83935546875,107327900.0
2023-02-23,4810.0,4810.0,4730.0,4800.0,4506.39306640625,139144500.0
2023-02-24,4800.0,4840.0,4760.0,4760.0,4468.83935546875,46409300.0
2023-02-27,4780.0,4810.0,4760.0,4810.0,4515.78076171875,89918800.0
2023-02-28,4760.0,4790.0,4670.0,4670.0,4384.3447265625,273125500.0
2023-03-01,4730.0,4750.0,4700.0,4720.0,4431.2861328125,115578600.0
2023-03-02,4750.0,4780.0,4720.0,4780.0,4487.61572265625,59377900.0
2023-03-03,4800.0,4800.0,4730.0,4760.0,4468.83935546875,84777000.0
2023-03-06,4790.0,4800.0,4780.0,4790.0,4497.00439453125,78292000.0
2023-03-07,4770.0,4850.0,4770.0,4840.0,4543.94580078125,111953700.0
2023-03-08,4850.0,4850.0,4820.0,4840.0,4543.94580078125,125766100.0
2023-03-09,4860.0,4870.0,4810.0,4810.0,4515.78076171875,79549800.0
2023-03-10,4820.0,4830.0,4800.0,4820.0,4525.16943359375,125140500.0
2023-03-13,4810.0,4870.0,4770.0,4830.0,4534.5576171875,106769300.0
2023-03-14,4770.0,4790.0,4690.0,4710.0,4421.8974609375,192444400.0
2023-03-15,4760.0,4770.0,4700.0,4700.0,4412.509765625,107761200.0
2023-03-16,4700.0,4750.0,4640.0,4730.0,4440.6748046875,155984500.0
2023-03-17,4770.0,4900.0,4750.0,4900.0,4600.27587890625,267753300.0
2023-03-20,4840.0,4880.0,4820.0,4880.0,4581.4990234375,113829400.0
2023-03-21,4870.0,4920.0,4840.0,4900.0,4600.27587890625,214639300.0
2023-03-24,4750.0,4820.0,4720.0,4770.0,4700.01220703125,266103900.0
2023-03-27,4750.0,4790.0,4720.0,4740.0,4670.4521484375,144925200.0
2023-03-28,4740.0,4780.0,4740.0,4770.0,4700.01220703125,105217100.0
2023-03-29,4800.0,4820.0,4770.0,4810.0,4739.42529296875,141800500.0
2023-03-30,4810.0,4810.0,4740.0,4750.0,4680.3056640625,98847200.0
2023-03-31,4730.0,4750.0,4710.0,4730.0,4660.59912109375,161561800.0
2023-04-03,4770.0,4800.0,4760.0,4800.0,4729.57177734375,133511700.0
2023-04-04,4800.0,4820.0,4760.0,4820.0,4749.2783203125,88097800.0
2023-04-05,4810.0,4880.0,4800.0,4830.0,4759.1318359375,119316500.0
2023-04-06,4860.0,4860.0,4820.0,4840.0,4768.98486328125,88012300.0
2023-04-10,4860.0,4860.0,4820.0,4860.0,4788.69140625,58886800.0
2023-04-11,4860.0,4890.0,4830.0,4880.0,4808.39794921875,67275600.0
2023-04-12,4950.0,4950.0,4890.0,4930.0,4857.66455078125,194839900.0
2023-04-13,4950.0,5000.0,4930.0,4980.0,4906.9306640625,141279800.0
2023-04-14,5050.0,5100.0,5000.0,5075.0,5000.537109375,190097200.0
2023-04-17,5075.0,5075.0,4960.0,4990.0,4916.7841796875,121231300.0
2023-04-18,4990.0,5025.0,4950.0,4950.0,4877.37109375,95747700.0
2023-04-26,5150.0,5150.0,4930.0,5025.0,4951.2705078125,273336000.0
2023-04-27,4990.0,5150.0,4990.0,5150.0,5074.4365234375,125947200.0
2023-04-28,5175.0,5275.0,5100.0,5100.0,5025.169921875,251912000.0
2023-05-02,5175.0,5175.0,5050.0,5150.0,5074.4365234375,84246100.0
2023-05-03,5225.0,5225.0,5050.0,5100.0,5025.169921875,183524700.0
2023-05-04,5150.0,5175.0,5075.0,5150.0,5074.4365234375,140482000.0
2023-05-05,5225.0,5250.0,5125.0,5225.0,5148.3359375,182599600.0
2023-05-08,5250.0,5250.0,5050.0,5100.0,5025.169921875,107804200.0
2023-05-09,5050.0,5125.0,5025.0,5125.0,5049.80322265625,102987300.0
2023-05-10,5075.0,5150.0,5050.0,5150.0,5074.4365234375,108369600.0
2023-05-11,5175.0,5175.0,5100.0,5150.0,5074.4365234375,85618800.0
2023-05-12,5100.0,5175.0,5100.0,5150.0,5074.4365234375,92625800.0
2023-05-15,5150.0,5175.0,5025.0,5150.0,5074.4365234375,163732600.0
2023-05-16,5175.0,5200.0,5100.0,5200.0,5123.703125,73611200.0
2023-05-17,5250.0,5250.0,5175.0,5200.0,5123.703125,115834500.0
2023-05-19,5225.0,5450.0,5200.0,5400.0,5320.7685546875,185672200.0
2023-05-22,5300.0,5500.0,5300.0,5425.0,5345.4013671875,162655900.0
2023-05-23,5475.0,5600.0,5475.0,5500.0,5419.30126953125,255251600.0
2023-05-24,5525.0,5600.0,5450.0,5600.0,5517.833984375,187436100.0
2023-05-25,5500.0,5575.0,5450.0,5475.0,5394.66796875,224391900.0
2023-05-26,5425.0,5600.0,5425.0,5600.0,5517.833984375,154003100.0
2023-05-29,5600.0,5625.0,5475.0,5550.0,5468.5673828125,125049100.0
2023-05-30,5500.0,5600.0,5500.0,5500.0,5419.30126953125,67363200.0
2023-05-31,5575.0,5575.0,5375.0,5575.0,5493.20068359375,898453700.0
2023-06-05,5600.0,5600.0,5425.0,5425.0,5345.4013671875,255472600.0
2023-06-06,5400.0,5500.0,5350.0,5450.0,5370.03466796875,92019300.0
2023-06-07,5475.0,5475.0,5350.0,5400.0,5320.7685546875,150377000.0
2023-06-08,5375.0,5475.0,5350.0,5475.0,5394.66796875,92794100.0
2023-06-09,5425.0,5450.0,5375.0,5425.0,5345.4013671875,77251000.0
2023-06-12,5400.0,5400.0,5375.0,5400.0,5320.7685546875,92314200.0
2023-06-13,5400.0,5550.0,5400.0,5550.0,5468.5673828125,108831400.0
2023-06-14,5575.0,5575.0,5475.0,5550.0,5468.5673828125,79137600.0
2023-06-15,5475.0,5525.0,5450.0,5525.0,5443.9345703125,74388400.0
2023-06-16,5475.0,5550.0,5400.0,5550.0,5468.5673828125,189062600.0
2023-06-19,5500.0,5525.0,5450.0,5525.0,5443.9345703125,55144200.0
2023-06-20,5475.0,5550.0,5475.0,5550.0,5468.5673828125,102926800.0
2023-06-21,5500.0,5575.0,5500.0,5575.0,5493.20068359375,84605400.0
2023-06-22,5550.0,5600.0,5475.0,5475.0,5394.66796875,94143200.0
2023-06-23,5425.0,5475.0,5400.0,5400.0,5320.7685546875,123350300.0
2023-06-26,5425.0,5475.0,5375.0,5450.0,5370.03466796875,85472100.0
2023-06-27,5450.0,5500.0,5425.0,5425.0,5345.4013671875,110716500.0
2023-07-03,5500.0,5550.0,5450.0,5475.0,5394.66796875,168559800.0
2023-07-04,5500.0,5500.0,5425.0,5450.0,5370.03466796875,94462600.0
2023-07-05,5400.0,5450.0,5400.0,5450.0,5370.03466796875,109632800.0
2023-07-06,5450.0,5475.0,5400.0,5425.0,5345.4013671875,109446200.0
2023-07-07,5400.0,5425.0,5375.0,5375.0,5296.13525390625,114043800.0
2023-07-10,5425.0,5500.0,5400.0,5400.0,5320.7685546875,78972100.0
2023-07-11,5375.0,5450.0,5375.0,5425.0,5345.4013671875,122094700.0
2023-07-12,5450.0,5475.0,5425.0,5450.0,5370.03466796875,104993700.0
2023-07-13,5425.0,5475.0,5425.0,5450.0,5370.03466796875,134905700.0
2023-07-14,5450.0,5525.0,5425.0,5525.0,5443.9345703125,127814200.0
2023-07-17,5550.0,5625.0,5525.0,5575.0,5493.20068359375,166951300.0
2023-07-18,5625.0,5700.0,5600.0,5625.0,5542.46728515625,120810300.0
2023-07-20,5575.0,5650.0,5550.0,5625.0,5542.46728515625,111117300.0
2023-07-21,5600.0,5625.0,5575.0,5625.0,5542.46728515625,63094600.0
2023-07-24,5600.0,5650.0,5600.0,5600.0,5517.833984375,62962500.0
2023-07-25,5625.0,5700.0,5625.0,5650.0,5567.10009765625,111248100.0
2023-07-26,5700.0,5700.0,5650.0,5675.0,5591.7333984375,76200300.0
2023-07-27,5675.0,5750.0,5650.0,5650.0,5567.10009765625,109859200.0
2023-07-28,5625.0,5700.0,5625.0,5700.0,5616.36669921875,74036700.0
2023-07-31,5700.0,5700.0,5650.0,5650.0,5567.10009765625,186727400.0
2023-08-01,5650.0,5750.0,5650.0,5700.0,5616.36669921875,100137500.0
2023-08-02,5650.0,5725.0,5650.0,5700.0,5616.36669921875,90611300.0
2023-08-03,5675.0,5750.0,5650.0,5700.0,5616.36669921875,82775000.0
2023-08-04,5700.0,5725.0,5575.0,5575.0,5493.20068359375,150738500.0
2023-08-07,5600.0,5725.0,5575.0,5700.0,5616.36669921875,88104900.0
2023-08-08,5700.0,5750.0,5600.0,5625.0,5542.46728515625,89189600.0
2023-08-09,5650.0,5725.0,5625.0,5700.0,5616.36669921875,91930000.0
2023-08-10,5675.0,5725.0,5675.0,5700.0,5616.36669921875,85474200.0
2023-08-11,5675.0,5700.0,5650.0,5650.0,5567.10009765625,74321000.0
2023-08-14,5650.0,5675.0,5575.0,5650.0,5567.10009765625,127358400.0
2023-08-15,5650.0,5675.0,5575.0,5575.0,5493.20068359375,89597300.0
2023-08-16,5550.0,5575.0,5450.0,5525.0,5443.9345703125,188191900.0
2023-08-18,5500.0,5600.0,5500.0,5575.0,5493.20068359375,121561200.0
2023-08-21,5550.0,5575.0,5500.0,5500.0,5419.30126953125,91640000.0
2023-08-22,5500.0,5625.0,5500.0,5575.0,5493.20068359375,101221500.0
2023-08-23,5600.0,5625.0,5575.0,5600.0,5517.833984375,78686900.0
2023-08-24,5625.0,5625.0,5550.0,5550.0,5468.5673828125,74407500.0
2023-08-25,5550.0,5600.0,5525.0,5600.0,5517.833984375,65096500.0
2023-08-28,5600.0,5625.0,5550.0,5550.0,5468.5673828125,37126600.0
2023-08-29,5525.0,5600.0,5525.0,5600.0,5517.833984375,57547200.0
2023-08-30,5600.0,5600.0,5500.0,5525.0,5443.9345703125,171282700.0
2023-08-31,5525.0,5550.0,5475.0,5550.0,5468.5673828125,175088200.0
2023-09-01,5600.0,5600.0,5525.0,5575.0,5493.20068359375,87366100.0
2023-09-04,5600.0,5625.0,5575.0,5625.0,5542.46728515625,43898200.0
2023-09-05,5625.0,5650.0,5600.0,5625.0,5542.46728515625,72464300.0
2023-09-06,5625.0,5650.0,5575.0,5575.0,5493.20068359375,106367800.0
2023-09-07,5525.0,5550.0,5450.0,5450.0,5370.03466796875,157998600.0
2023-09-08,5425.0,5450.0,5300.0,5350.0,5271.501953125,243324500.0
2023-09-11,5350.0,5425.0,5300.0,5425.0,5345.4013671875,80474100.0
2023-09-12,5450.0,5475.0,5375.0,5375.0,5296.13525390625,121654400.0
2023-09-13,5350.0,5425.0,5350.0,5400.0,5320.7685546875,59408000.0
2023-09-14,5325.0,5425.0,5325.0,5425.0,5345.4013671875,76831700.0
2023-09-15,5400.0,5450.0,5375.0,5375.0,5296.13525390625,141455400.0
2023-09-18,5350.0,5400.0,5300.0,5325.0,5246.86865234375,61329000.0
2023-09-19,5325.0,5375.0,5300.0,5375.0,5296.13525390625,50612700.0
2023-09-20,5350.0,5450.0,5350.0,5375.0,5296.13525390625,98710100.0
2023-09-21,5425.0,5425.0,5350.0,5350.0,5271.501953125,68584900.0
2023-09-22,5350.0,5425.0,5350.0,5350.0,5271.501953125,83184100.0
2023-09-25,5325.0,5350.0,5200.0,5300.0,5222.23583984375,120196700.0
2023-09-26,5250.0,5275.0,5200.0,5200.0,5123.703125,180280600.0
2023-09-27,5175.0,5300.0,5175.0,5225.0,5148.3359375,119774700.0
2023-09-29,5300.0,5325.0,5225.0,5225.0,5148.3359375,140331100.0
2023-10-02,5250.0,5300.0,5250.0,5250.0,5172.96923828125,81674600.0
2023-10-03,5250.0,5300.0,5250.0,5275.0,5197.6025390625,54462700.0
2023-10-04,5250.0,5275.0,5200.0,5250.0,5172.96923828125,121445000.0
2023-10-05,5250.0,5275.0,5175.0,5175.0,5099.06982421875,116814800.0
2023-10-06,5200.0,5250.0,5175.0,5175.0,5099.06982421875,70202300.0
2023-10-09,5200.0,5225.0,5125.0,5125.0,5049.80322265625,144477000.0
2023-10-10,5125.0,5250.0,5125.0,5175.0,5099.06982421875,98457000.0
2023-10-11,5150.0,5275.0,5150.0,5250.0,5172.96923828125,100394800.0
2023-10-12,5300.0,5375.0,5275.0,5300.0,5222.23583984375,174022400.0
2023-10-13,5275.0,5325.0,5250.0,5275.0,5197.6025390625,84648800.0
2023-10-16,5325.0,5325.0,5250.0,5250.0,5172.96923828125,45782300.0
2023-10-17,5250.0,5275.0,5150.0,5150.0,5074.4365234375,127287200.0
2023-10-18,5125.0,5225.0,5125.0,5150.0,5074.4365234375,77217600.0
2023-10-19,5100.0,5150.0,5000.0,5000.0,4926.63720703125,195831400.0
2023-10-20,4980.0,5100.0,4960.0,5050.0,4975.90380859375,173353600.0
2023-10-23,5000.0,5075.0,4990.0,5000.0,4926.63720703125,82756100.0
2023-10-24,5000.0,5100.0,4950.0,5100.0,5025.169921875,104021500.0
2023-10-25,5100.0,5200.0,5100.0,5175.0,5099.06982421875,142215000.0
2023-10-26,5175.0,5175.0,4920.0,4920.0,4847.81103515625,330618800.0
2023-10-27,4950.0,5050.0,4940.0,5000.0,4926.63720703125,129599800.0
2023-10-30,4980.0,5025.0,4970.0,5000.0,4926.63720703125,108523700.0
2023-10-31,4980.0,5000.0,4960.0,4960.0,4887.22412109375,106760300.0
2023-11-01,4920.0,4960.0,4830.0,4830.0,4759.1318359375,191567200.0
2023-11-02,4940.0,5075.0,4910.0,5000.0,4926.63720703125,208075400.0
2023-11-03,5025.0,5175.0,5025.0,5100.0,5025.169921875,125504000.0
2023-11-06,5100.0,5200.0,5100.0,5200.0,5123.703125,122333800.0
2023-11-07,5225.0,5275.0,5175.0,5250.0,5172.96923828125,137039400.0
2023-11-08,5200.0,5250.0,5175.0,5225.0,5148.3359375,86713700.0
2023-11-09,5225.0,5275.0,5200.0,5200.0,5123.703125,66236400.0
2023-11-10,5150.0,5150.0,5050.0,5075.0,5000.537109375,113811900.0
2023-11-13,5075.0,5125.0,5025.0,5025.0,4951.2705078125,63126900.0
2023-11-14,5075.0,5125.0,5050.0,5075.0,5000.537109375,85419500.0
2023-11-15,5200.0,5300.0,5175.0,5250.0,5172.96923828125,193790400.0
2023-11-16,5275.0,5275.0,5175.0,5250.0,5172.96923828125,99488800.0
2023-11-17,5175.0,5250.0,5175.0,5225.0,5148.3359375,70727500.0
2023-11-20,5175.0,5275.0,5175.0,5250.0,5172.96923828125,54123600.0
2023-11-21,5225.0,5250.0,5175.0,5200.0,5123.703125,104110500.0
2023-11-22,5175.0,5300.0,5175.0,5275.0,5197.6025390625,103585500.0
2023-11-23,5325.0,5400.0,5300.0,5350.0,5271.501953125,174572400.0
2023-11-24,5400.0,5450.0,5375.0,5400.0,5320.7685546875,92571400.0
2023-11-27,5425.0,5450.0,5350.0,5350.0,5271.501953125,76019100.0
2023-11-28,5325.0,5425.0,5325.0,5350.0,5271.501953125,147993400.0
2023-11-29,5350.0,5375.0,5300.0,5300.0,5222.23583984375,106197800.0
2023-11-30,5375.0,5375.0,5275.0,5275.0,5197.6025390625,224426400.0
2023-12-01,5275.0,5375.0,5275.0,5350.0,5271.501953125,99499500.0
2023-12-04,5450.0,5575.0,5450.0,5500.0,5419.30126953125,235595700.0
2023-12-05,5425.0,5500.0,5425.0,5450.0,5370.03466796875,114689900.0
2023-12-06,5425.0,5450.0,5400.0,5425.0,5345.4013671875,119716700.0
2023-12-07,5400.0,5475.0,5400.0,5475.0,5394.66796875,102126600.0
2023-12-08,5425.0,5450.0,5375.0,5375.0,5296.13525390625,130542600.0
2023-12-11,5325.0,5375.0,5300.0,5300.0,5222.23583984375,124468600.0
2023-12-12,5375.0,5400.0,5325.0,5325.0,5246.86865234375,134501600.0
2023-12-13,5300.0,5350.0,5275.0,5300.0,5222.23583984375,98881600.0
2023-12-14,5450.0,5550.0,5425.0,5550.0,5468.5673828125,239261700.0
2023-12-15,5575.0,5600.0,5550.0,5550.0,5468.5673828125,252448800.0
2023-12-18,5575.0,5575.0,5500.0,5500.0,5419.30126953125,102780900.0
2023-12-19,5450.0,5550.0,5450.0,5550.0,5468.5673828125,135207300.0
2023-12-20,5700.0,5700.0,5550.0,5550.0,5468.5673828125,138470900.0
2023-12-21,5550.0,5600.0,5525.0,5575.0,5493.20068359375,99049600.0
2023-12-22,5650.0,5700.0,5600.0,5675.0,5591.7333984375,109411300.0
2023-12-27,5700.0,5725.0,5625.0,5625.0,5542.46728515625,122236700.0
2023-12-28,5700.0,5750.0,5675.0,5725.0,5641.0,121434600.0
2023-12-29,5750.0,5750.0,5675.0,5725.0,5641.0,93126000.0
2024-01-02,5650.0,5675.0,5625.0,5675.0,5675.0,91143100.0
2024-01-03,5625.0,5650.0,5600.0,5600.0,5600.0,83659700.0
2024-01-04,5600.0,5700.0,5575.0,5700.0,5700.0,92683500.0
2024-01-05,5725.0,5850.0,5700.0,5750.0,5750.0,134929600.0
2024-01-08,5750.0,5800.0,5625.0,5625.0,5625.0,152015000.0
2024-01-09,5625.0,5700.0,5625.0,5700.0,5700.0,105666200.0
2024-01-10,5625.0,5700.0,5625.0,5700.0,5700.0,82626400.0
